param_foc1,param_val1,param_foc3,param_val3,param_foc2,param_val2,param_foc4,param_val4,variable2,nutrient,first,last,growth
z_nb,1.6e-18,z_pb,2.6e-19,q_nb,1.4864864864864867e-5,q_pb,1e-6,RPV_conc,low,500000,451531.52422726166,-0.10196290690117653
z_nb,1.6e-18,z_pb,2.6e-19,q_nb,1.4864864864864867e-5,q_pb,1e-6,RPV_conc,+N,500000,615946.4762210285,0.20855197208466122
z_nb,1.6e-18,z_pb,2.6e-19,q_nb,1.4864864864864867e-5,q_pb,1e-6,RPV_conc,+P,500000,451531.52422726166,-0.10196290690117653
z_nb,1.6e-18,z_pb,2.6e-19,q_nb,1.4864864864864867e-5,q_pb,1e-6,RPV_conc,+N+P,500000,615946.4762210285,0.20855197208466122
z_nb,1.6e-18,z_pb,2.6e-19,q_nb,1.4864864864864867e-5,q_pb,1e-6,PAV_conc,low,500000,681191.5402449066,0.30923543138861936
z_nb,1.6e-18,z_pb,2.6e-19,q_nb,1.4864864864864867e-5,q_pb,1e-6,PAV_conc,+N,500000,678351.9636274719,0.305058175216327
z_nb,1.6e-18,z_pb,2.6e-19,q_nb,1.4864864864864867e-5,q_pb,1e-6,PAV_conc,+P,500000,681191.5402449066,0.30923543138861936
z_nb,1.6e-18,z_pb,2.6e-19,q_nb,1.4864864864864867e-5,q_pb,1e-6,PAV_conc,+N+P,500000,678351.9636274719,0.305058175216327
z_nb,1.6e-18,z_pb,2.6e-19,q_nb,4.700683008358402e-5,q_pb,3.162277660168379e-6,RPV_conc,low,500000,451531.5317033124,-0.10196289034408082
z_nb,1.6e-18,z_pb,2.6e-19,q_nb,4.700683008358402e-5,q_pb,3.162277660168379e-6,RPV_conc,+N,500000,615946.4624164933,0.2085519496727539
z_nb,1.6e-18,z_pb,2.6e-19,q_nb,4.700683008358402e-5,q_pb,3.162277660168379e-6,RPV_conc,+P,500000,451531.5317033124,-0.10196289034408082
z_nb,1.6e-18,z_pb,2.6e-19,q_nb,4.700683008358402e-5,q_pb,3.162277660168379e-6,RPV_conc,+N+P,500000,615946.4624164933,0.2085519496727539
z_nb,1.6e-18,z_pb,2.6e-19,q_nb,4.700683008358402e-5,q_pb,3.162277660168379e-6,PAV_conc,low,500000,678218.7962764075,0.30486184583133924
z_nb,1.6e-18,z_pb,2.6e-19,q_nb,4.700683008358402e-5,q_pb,3.162277660168379e-6,PAV_conc,+N,500000,675832.0779107016,0.3013365413054845
z_nb,1.6e-18,z_pb,2.6e-19,q_nb,4.700683008358402e-5,q_pb,3.162277660168379e-6,PAV_conc,+P,500000,678218.7962764075,0.30486184583133924
z_nb,1.6e-18,z_pb,2.6e-19,q_nb,4.700683008358402e-5,q_pb,3.162277660168379e-6,PAV_conc,+N+P,500000,675832.0779107016,0.3013365413054845
z_nb,1.6e-18,z_pb,2.6e-19,q_nb,1.4864864864864869e-4,q_pb,1e-5,RPV_conc,low,500000,451531.5451757929,-0.10196286050678416
z_nb,1.6e-18,z_pb,2.6e-19,q_nb,1.4864864864864869e-4,q_pb,1e-5,RPV_conc,+N,500000,615946.3891196051,0.20855183067394953
z_nb,1.6e-18,z_pb,2.6e-19,q_nb,1.4864864864864869e-4,q_pb,1e-5,RPV_conc,+P,500000,451531.5451757929,-0.10196286050678416
z_nb,1.6e-18,z_pb,2.6e-19,q_nb,1.4864864864864869e-4,q_pb,1e-5,RPV_conc,+N+P,500000,615946.3891196051,0.20855183067394953
z_nb,1.6e-18,z_pb,2.6e-19,q_nb,1.4864864864864869e-4,q_pb,1e-5,PAV_conc,low,500000,668903.2706834148,0.29103136333502844
z_nb,1.6e-18,z_pb,2.6e-19,q_nb,1.4864864864864869e-4,q_pb,1e-5,PAV_conc,+N,500000,667924.947008082,0.28956771402386255
z_nb,1.6e-18,z_pb,2.6e-19,q_nb,1.4864864864864869e-4,q_pb,1e-5,PAV_conc,+P,500000,668903.2706834148,0.29103136333502844
z_nb,1.6e-18,z_pb,2.6e-19,q_nb,1.4864864864864869e-4,q_pb,1e-5,PAV_conc,+N+P,500000,667924.947008082,0.28956771402386255
z_nb,1.6e-18,z_pb,2.6e-19,q_nb,4.7006830083584026e-4,q_pb,3.1622776601683795e-5,RPV_conc,low,500000,451531.6855677943,-0.10196254958281628
z_nb,1.6e-18,z_pb,2.6e-19,q_nb,4.7006830083584026e-4,q_pb,3.1622776601683795e-5,RPV_conc,+N,500000,615946.0916243573,0.20855134768496725
z_nb,1.6e-18,z_pb,2.6e-19,q_nb,4.7006830083584026e-4,q_pb,3.1622776601683795e-5,RPV_conc,+P,500000,451531.6855677943,-0.10196254958281628
z_nb,1.6e-18,z_pb,2.6e-19,q_nb,4.7006830083584026e-4,q_pb,3.1622776601683795e-5,RPV_conc,+N+P,500000,615946.0916243573,0.20855134768496725
z_nb,1.6e-18,z_pb,2.6e-19,q_nb,4.7006830083584026e-4,q_pb,3.1622776601683795e-5,PAV_conc,low,500000,640278.653531729,0.24729537931745518
z_nb,1.6e-18,z_pb,2.6e-19,q_nb,4.7006830083584026e-4,q_pb,3.1622776601683795e-5,PAV_conc,+N,500000,643524.0664343906,0.25235132719109643
z_nb,1.6e-18,z_pb,2.6e-19,q_nb,4.7006830083584026e-4,q_pb,3.1622776601683795e-5,PAV_conc,+P,500000,640278.653531729,0.24729537931745518
z_nb,1.6e-18,z_pb,2.6e-19,q_nb,4.7006830083584026e-4,q_pb,3.1622776601683795e-5,PAV_conc,+N+P,500000,643524.0664343906,0.25235132719109643
z_nb,1.6e-18,z_pb,2.6e-19,q_nb,0.0011,q_pb,7.4e-5,RPV_conc,low,500000,451531.7326682766,-0.10196244527013727
z_nb,1.6e-18,z_pb,2.6e-19,q_nb,0.0011,q_pb,7.4e-5,RPV_conc,+N,500000,615945.8286685256,0.20855092077116508
z_nb,1.6e-18,z_pb,2.6e-19,q_nb,0.0011,q_pb,7.4e-5,RPV_conc,+P,500000,451531.7326682766,-0.10196244527013727
z_nb,1.6e-18,z_pb,2.6e-19,q_nb,0.0011,q_pb,7.4e-5,RPV_conc,+N+P,500000,615945.8286685256,0.20855092077116508
z_nb,1.6e-18,z_pb,2.6e-19,q_nb,0.0011,q_pb,7.4e-5,PAV_conc,low,500000,587682.6332565756,0.16157896440514838
z_nb,1.6e-18,z_pb,2.6e-19,q_nb,0.0011,q_pb,7.4e-5,PAV_conc,+N,500000,598257.3063974592,0.17941284124191695
z_nb,1.6e-18,z_pb,2.6e-19,q_nb,0.0011,q_pb,7.4e-5,PAV_conc,+P,500000,587682.6332565756,0.16157896440514838
z_nb,1.6e-18,z_pb,2.6e-19,q_nb,0.0011,q_pb,7.4e-5,PAV_conc,+N+P,500000,598257.3063974592,0.17941284124191695
z_nb,1.6e-18,z_pb,2.6e-19,q_nb,0.0014864864864864867,q_pb,1e-4,RPV_conc,low,500000,451531.74022147694,-0.10196242854218708
z_nb,1.6e-18,z_pb,2.6e-19,q_nb,0.0014864864864864867,q_pb,1e-4,RPV_conc,+N,500000,615946.1927068608,0.20855151179428877
z_nb,1.6e-18,z_pb,2.6e-19,q_nb,0.0014864864864864867,q_pb,1e-4,RPV_conc,+P,500000,451531.74022147694,-0.10196242854218708
z_nb,1.6e-18,z_pb,2.6e-19,q_nb,0.0014864864864864867,q_pb,1e-4,RPV_conc,+N+P,500000,615946.1927068608,0.20855151179428877
z_nb,1.6e-18,z_pb,2.6e-19,q_nb,0.0014864864864864867,q_pb,1e-4,PAV_conc,low,500000,557575.3818577402,0.10898960986608168
z_nb,1.6e-18,z_pb,2.6e-19,q_nb,0.0014864864864864867,q_pb,1e-4,PAV_conc,+N,500000,572074.8978987942,0.13466182476816985
z_nb,1.6e-18,z_pb,2.6e-19,q_nb,0.0014864864864864867,q_pb,1e-4,PAV_conc,+P,500000,557575.3818577402,0.10898960986608168
z_nb,1.6e-18,z_pb,2.6e-19,q_nb,0.0014864864864864867,q_pb,1e-4,PAV_conc,+N+P,500000,572074.8978987942,0.13466182476816985
z_nb,1.6e-18,z_pb,2.6e-19,q_nb,0.004700683008358402,q_pb,3.1622776601683794e-4,RPV_conc,low,500000,451531.59013359895,-0.10196276093942429
z_nb,1.6e-18,z_pb,2.6e-19,q_nb,0.004700683008358402,q_pb,3.1622776601683794e-4,RPV_conc,+N,500000,615946.5075364003,0.2085520229257201
z_nb,1.6e-18,z_pb,2.6e-19,q_nb,0.004700683008358402,q_pb,3.1622776601683794e-4,RPV_conc,+P,500000,451531.59013359895,-0.10196276093942429
z_nb,1.6e-18,z_pb,2.6e-19,q_nb,0.004700683008358402,q_pb,3.1622776601683794e-4,RPV_conc,+N+P,500000,615946.5075364003,0.2085520229257201
z_nb,1.6e-18,z_pb,2.6e-19,q_nb,0.004700683008358402,q_pb,3.1622776601683794e-4,PAV_conc,low,500000,360048.81792441057,-0.3283684708200249
z_nb,1.6e-18,z_pb,2.6e-19,q_nb,0.004700683008358402,q_pb,3.1622776601683794e-4,PAV_conc,+N,500000,394296.95596273744,-0.23750377767305803
z_nb,1.6e-18,z_pb,2.6e-19,q_nb,0.004700683008358402,q_pb,3.1622776601683794e-4,PAV_conc,+P,500000,360048.81792441057,-0.3283684708200249
z_nb,1.6e-18,z_pb,2.6e-19,q_nb,0.004700683008358402,q_pb,3.1622776601683794e-4,PAV_conc,+N+P,500000,394296.95596273744,-0.23750377767305803
z_nb,1.6e-18,z_pb,2.6e-19,q_nb,0.014864864864864867,q_pb,0.001,RPV_conc,low,500000,451531.6077418792,-0.1019627219426403
z_nb,1.6e-18,z_pb,2.6e-19,q_nb,0.014864864864864867,q_pb,0.001,RPV_conc,+N,500000,615946.3383096423,0.20855174818306105
z_nb,1.6e-18,z_pb,2.6e-19,q_nb,0.014864864864864867,q_pb,0.001,RPV_conc,+P,500000,451531.6077418792,-0.1019627219426403
z_nb,1.6e-18,z_pb,2.6e-19,q_nb,0.014864864864864867,q_pb,0.001,RPV_conc,+N+P,500000,615946.3383096423,0.20855174818306105
z_nb,1.6e-18,z_pb,2.6e-19,q_nb,0.014864864864864867,q_pb,0.001,PAV_conc,low,500000,309087.47154762247,-0.4809837821417279
z_nb,1.6e-18,z_pb,2.6e-19,q_nb,0.014864864864864867,q_pb,0.001,PAV_conc,+N,500000,307706.2680692587,-0.4854624455858529
z_nb,1.6e-18,z_pb,2.6e-19,q_nb,0.014864864864864867,q_pb,0.001,PAV_conc,+P,500000,309087.47154762247,-0.4809837821417279
z_nb,1.6e-18,z_pb,2.6e-19,q_nb,0.014864864864864867,q_pb,0.001,PAV_conc,+N+P,500000,307706.2680692587,-0.4854624455858529
z_nb,1.6e-18,z_pb,2.6e-19,q_nb,0.04700683008358402,q_pb,0.0031622776601683794,RPV_conc,low,500000,451531.6077418792,-0.1019627219426403
z_nb,1.6e-18,z_pb,2.6e-19,q_nb,0.04700683008358402,q_pb,0.0031622776601683794,RPV_conc,+N,500000,615946.3383096423,0.20855174818306105
z_nb,1.6e-18,z_pb,2.6e-19,q_nb,0.04700683008358402,q_pb,0.0031622776601683794,RPV_conc,+P,500000,451531.6077418792,-0.1019627219426403
z_nb,1.6e-18,z_pb,2.6e-19,q_nb,0.04700683008358402,q_pb,0.0031622776601683794,RPV_conc,+N+P,500000,615946.3383096423,0.20855174818306105
z_nb,1.6e-18,z_pb,2.6e-19,q_nb,0.04700683008358402,q_pb,0.0031622776601683794,PAV_conc,low,500000,309087.47154762247,-0.4809837821417279
z_nb,1.6e-18,z_pb,2.6e-19,q_nb,0.04700683008358402,q_pb,0.0031622776601683794,PAV_conc,+N,500000,307706.2680692587,-0.4854624455858529
z_nb,1.6e-18,z_pb,2.6e-19,q_nb,0.04700683008358402,q_pb,0.0031622776601683794,PAV_conc,+P,500000,309087.47154762247,-0.4809837821417279
z_nb,1.6e-18,z_pb,2.6e-19,q_nb,0.04700683008358402,q_pb,0.0031622776601683794,PAV_conc,+N+P,500000,307706.2680692587,-0.4854624455858529
z_nb,1.6e-18,z_pb,2.6e-19,q_nb,0.14864864864864866,q_pb,0.01,RPV_conc,low,500000,451531.6077418792,-0.1019627219426403
z_nb,1.6e-18,z_pb,2.6e-19,q_nb,0.14864864864864866,q_pb,0.01,RPV_conc,+N,500000,615946.3383096423,0.20855174818306105
z_nb,1.6e-18,z_pb,2.6e-19,q_nb,0.14864864864864866,q_pb,0.01,RPV_conc,+P,500000,451531.6077418792,-0.1019627219426403
z_nb,1.6e-18,z_pb,2.6e-19,q_nb,0.14864864864864866,q_pb,0.01,RPV_conc,+N+P,500000,615946.3383096423,0.20855174818306105
z_nb,1.6e-18,z_pb,2.6e-19,q_nb,0.14864864864864866,q_pb,0.01,PAV_conc,low,500000,309087.47154762247,-0.4809837821417279
z_nb,1.6e-18,z_pb,2.6e-19,q_nb,0.14864864864864866,q_pb,0.01,PAV_conc,+N,500000,307706.2680692587,-0.4854624455858529
z_nb,1.6e-18,z_pb,2.6e-19,q_nb,0.14864864864864866,q_pb,0.01,PAV_conc,+P,500000,309087.47154762247,-0.4809837821417279
z_nb,1.6e-18,z_pb,2.6e-19,q_nb,0.14864864864864866,q_pb,0.01,PAV_conc,+N+P,500000,307706.2680692587,-0.4854624455858529
z_nb,6.153846153846153e-12,z_pb,1e-12,q_nb,1.4864864864864867e-5,q_pb,1e-6,RPV_conc,low,500000,386696.4489344171,-0.2569680828497671
z_nb,6.153846153846153e-12,z_pb,1e-12,q_nb,1.4864864864864867e-5,q_pb,1e-6,RPV_conc,+N,500000,601858.8166994319,0.1854147956265364
z_nb,6.153846153846153e-12,z_pb,1e-12,q_nb,1.4864864864864867e-5,q_pb,1e-6,RPV_conc,+P,500000,386696.4489344171,-0.2569680828497671
z_nb,6.153846153846153e-12,z_pb,1e-12,q_nb,1.4864864864864867e-5,q_pb,1e-6,RPV_conc,+N+P,500000,601858.8166994319,0.1854147956265364
z_nb,6.153846153846153e-12,z_pb,1e-12,q_nb,1.4864864864864867e-5,q_pb,1e-6,PAV_conc,low,500000,681195.8568639238,0.3092417682338169
z_nb,6.153846153846153e-12,z_pb,1e-12,q_nb,1.4864864864864867e-5,q_pb,1e-6,PAV_conc,+N,500000,678354.7422968325,0.30506227141390363
z_nb,6.153846153846153e-12,z_pb,1e-12,q_nb,1.4864864864864867e-5,q_pb,1e-6,PAV_conc,+P,500000,681195.8568639238,0.3092417682338169
z_nb,6.153846153846153e-12,z_pb,1e-12,q_nb,1.4864864864864867e-5,q_pb,1e-6,PAV_conc,+N+P,500000,678354.7422968325,0.30506227141390363
z_nb,6.153846153846153e-12,z_pb,1e-12,q_nb,4.700683008358402e-5,q_pb,3.162277660168379e-6,RPV_conc,low,500000,394470.84336531814,-0.2370628686867992
z_nb,6.153846153846153e-12,z_pb,1e-12,q_nb,4.700683008358402e-5,q_pb,3.162277660168379e-6,RPV_conc,+N,500000,602704.6990982055,0.18681925878140238
z_nb,6.153846153846153e-12,z_pb,1e-12,q_nb,4.700683008358402e-5,q_pb,3.162277660168379e-6,RPV_conc,+P,500000,394470.84336531814,-0.2370628686867992
z_nb,6.153846153846153e-12,z_pb,1e-12,q_nb,4.700683008358402e-5,q_pb,3.162277660168379e-6,RPV_conc,+N+P,500000,602704.6990982055,0.18681925878140238
z_nb,6.153846153846153e-12,z_pb,1e-12,q_nb,4.700683008358402e-5,q_pb,3.162277660168379e-6,PAV_conc,low,500000,678222.397897546,0.3048671562290975
z_nb,6.153846153846153e-12,z_pb,1e-12,q_nb,4.700683008358402e-5,q_pb,3.162277660168379e-6,PAV_conc,+N,500000,675834.4000449443,0.3013399772629199
z_nb,6.153846153846153e-12,z_pb,1e-12,q_nb,4.700683008358402e-5,q_pb,3.162277660168379e-6,PAV_conc,+P,500000,678222.397897546,0.3048671562290975
z_nb,6.153846153846153e-12,z_pb,1e-12,q_nb,4.700683008358402e-5,q_pb,3.162277660168379e-6,PAV_conc,+N+P,500000,675834.4000449443,0.3013399772629199
z_nb,6.153846153846153e-12,z_pb,1e-12,q_nb,1.4864864864864869e-4,q_pb,1e-5,RPV_conc,low,500000,412588.82334965054,-0.19215658649500317
z_nb,6.153846153846153e-12,z_pb,1e-12,q_nb,1.4864864864864869e-4,q_pb,1e-5,RPV_conc,+N,500000,605033.1054246344,0.1906750778217205
z_nb,6.153846153846153e-12,z_pb,1e-12,q_nb,1.4864864864864869e-4,q_pb,1e-5,RPV_conc,+P,500000,412588.82334965054,-0.19215658649500317
z_nb,6.153846153846153e-12,z_pb,1e-12,q_nb,1.4864864864864869e-4,q_pb,1e-5,RPV_conc,+N+P,500000,605033.1054246344,0.1906750778217205
z_nb,6.153846153846153e-12,z_pb,1e-12,q_nb,1.4864864864864869e-4,q_pb,1e-5,PAV_conc,low,500000,668904.7127938167,0.2910335192653558
z_nb,6.153846153846153e-12,z_pb,1e-12,q_nb,1.4864864864864869e-4,q_pb,1e-5,PAV_conc,+N,500000,667925.8815701929,0.289569113225167
z_nb,6.153846153846153e-12,z_pb,1e-12,q_nb,1.4864864864864869e-4,q_pb,1e-5,PAV_conc,+P,500000,668904.7127938167,0.2910335192653558
z_nb,6.153846153846153e-12,z_pb,1e-12,q_nb,1.4864864864864869e-4,q_pb,1e-5,PAV_conc,+N+P,500000,667925.8815701929,0.289569113225167
z_nb,6.153846153846153e-12,z_pb,1e-12,q_nb,4.7006830083584026e-4,q_pb,3.1622776601683795e-5,RPV_conc,low,500000,438326.8070558015,-0.13164333143535667
z_nb,6.153846153846153e-12,z_pb,1e-12,q_nb,4.7006830083584026e-4,q_pb,3.1622776601683795e-5,RPV_conc,+N,500000,609912.3922622852,0.1987072291887789
z_nb,6.153846153846153e-12,z_pb,1e-12,q_nb,4.7006830083584026e-4,q_pb,3.1622776601683795e-5,RPV_conc,+P,500000,438326.8070558015,-0.13164333143535667
z_nb,6.153846153846153e-12,z_pb,1e-12,q_nb,4.7006830083584026e-4,q_pb,3.1622776601683795e-5,RPV_conc,+N+P,500000,609912.3922622852,0.1987072291887789
z_nb,6.153846153846153e-12,z_pb,1e-12,q_nb,4.7006830083584026e-4,q_pb,3.1622776601683795e-5,PAV_conc,low,500000,640274.2200091794,0.24728845492933946
z_nb,6.153846153846153e-12,z_pb,1e-12,q_nb,4.7006830083584026e-4,q_pb,3.1622776601683795e-5,PAV_conc,+N,500000,643521.1448826697,0.25234678725466636
z_nb,6.153846153846153e-12,z_pb,1e-12,q_nb,4.7006830083584026e-4,q_pb,3.1622776601683795e-5,PAV_conc,+P,500000,640274.2200091794,0.24728845492933946
z_nb,6.153846153846153e-12,z_pb,1e-12,q_nb,4.7006830083584026e-4,q_pb,3.1622776601683795e-5,PAV_conc,+N+P,500000,643521.1448826697,0.25234678725466636
z_nb,6.153846153846153e-12,z_pb,1e-12,q_nb,0.0011,q_pb,7.4e-5,RPV_conc,low,500000,449394.8480019153,-0.10670620290686994
z_nb,6.153846153846153e-12,z_pb,1e-12,q_nb,0.0011,q_pb,7.4e-5,RPV_conc,+N,500000,613951.4157262598,0.2053076991125448
z_nb,6.153846153846153e-12,z_pb,1e-12,q_nb,0.0011,q_pb,7.4e-5,RPV_conc,+P,500000,449394.8480019153,-0.10670620290686994
z_nb,6.153846153846153e-12,z_pb,1e-12,q_nb,0.0011,q_pb,7.4e-5,RPV_conc,+N+P,500000,613951.4157262598,0.2053076991125448
z_nb,6.153846153846153e-12,z_pb,1e-12,q_nb,0.0011,q_pb,7.4e-5,PAV_conc,low,500000,587670.3151947334,0.16155800378755897
z_nb,6.153846153846153e-12,z_pb,1e-12,q_nb,0.0011,q_pb,7.4e-5,PAV_conc,+N,500000,598248.8933037622,0.17939877847533994
z_nb,6.153846153846153e-12,z_pb,1e-12,q_nb,0.0011,q_pb,7.4e-5,PAV_conc,+P,500000,587670.3151947334,0.16155800378755897
z_nb,6.153846153846153e-12,z_pb,1e-12,q_nb,0.0011,q_pb,7.4e-5,PAV_conc,+N+P,500000,598248.8933037622,0.17939877847533994
z_nb,6.153846153846153e-12,z_pb,1e-12,q_nb,0.0014864864864864867,q_pb,1e-4,RPV_conc,low,500000,450691.807582859,-0.10382434598673647
z_nb,6.153846153846153e-12,z_pb,1e-12,q_nb,0.0014864864864864867,q_pb,1e-4,RPV_conc,+N,500000,614907.9819754694,0.20686453538560284
z_nb,6.153846153846153e-12,z_pb,1e-12,q_nb,0.0014864864864864867,q_pb,1e-4,RPV_conc,+P,500000,450691.807582859,-0.10382434598673647
z_nb,6.153846153846153e-12,z_pb,1e-12,q_nb,0.0014864864864864867,q_pb,1e-4,RPV_conc,+N+P,500000,614907.9819754694,0.20686453538560284
z_nb,6.153846153846153e-12,z_pb,1e-12,q_nb,0.0014864864864864867,q_pb,1e-4,PAV_conc,low,500000,557560.1862484886,0.1089623564814938
z_nb,6.153846153846153e-12,z_pb,1e-12,q_nb,0.0014864864864864867,q_pb,1e-4,PAV_conc,+N,500000,572064.2688950474,0.1346432448540202
z_nb,6.153846153846153e-12,z_pb,1e-12,q_nb,0.0014864864864864867,q_pb,1e-4,PAV_conc,+P,500000,557560.1862484886,0.1089623564814938
z_nb,6.153846153846153e-12,z_pb,1e-12,q_nb,0.0014864864864864867,q_pb,1e-4,PAV_conc,+N+P,500000,572064.2688950474,0.1346432448540202
z_nb,6.153846153846153e-12,z_pb,1e-12,q_nb,0.004700683008358402,q_pb,3.1622776601683794e-4,RPV_conc,low,500000,451519.8043528749,-0.10198886306560814
z_nb,6.153846153846153e-12,z_pb,1e-12,q_nb,0.004700683008358402,q_pb,3.1622776601683794e-4,RPV_conc,+N,500000,615936.4157433498,0.20853563858779303
z_nb,6.153846153846153e-12,z_pb,1e-12,q_nb,0.004700683008358402,q_pb,3.1622776601683794e-4,RPV_conc,+P,500000,451519.8043528749,-0.10198886306560814
z_nb,6.153846153846153e-12,z_pb,1e-12,q_nb,0.004700683008358402,q_pb,3.1622776601683794e-4,RPV_conc,+N+P,500000,615936.4157433498,0.20853563858779303
z_nb,6.153846153846153e-12,z_pb,1e-12,q_nb,0.004700683008358402,q_pb,3.1622776601683794e-4,PAV_conc,low,500000,360040.50845691934,-0.3283915498108867
z_nb,6.153846153846153e-12,z_pb,1e-12,q_nb,0.004700683008358402,q_pb,3.1622776601683794e-4,PAV_conc,+N,500000,394287.8249191371,-0.2375269357248544
z_nb,6.153846153846153e-12,z_pb,1e-12,q_nb,0.004700683008358402,q_pb,3.1622776601683794e-4,PAV_conc,+P,500000,360040.50845691934,-0.3283915498108867
z_nb,6.153846153846153e-12,z_pb,1e-12,q_nb,0.004700683008358402,q_pb,3.1622776601683794e-4,PAV_conc,+N+P,500000,394287.8249191371,-0.2375269357248544
z_nb,6.153846153846153e-12,z_pb,1e-12,q_nb,0.014864864864864867,q_pb,0.001,RPV_conc,low,500000,451531.6077418792,-0.1019627219426403
z_nb,6.153846153846153e-12,z_pb,1e-12,q_nb,0.014864864864864867,q_pb,0.001,RPV_conc,+N,500000,615946.3383096423,0.20855174818306105
z_nb,6.153846153846153e-12,z_pb,1e-12,q_nb,0.014864864864864867,q_pb,0.001,RPV_conc,+P,500000,451531.6077418792,-0.1019627219426403
z_nb,6.153846153846153e-12,z_pb,1e-12,q_nb,0.014864864864864867,q_pb,0.001,RPV_conc,+N+P,500000,615946.3383096423,0.20855174818306105
z_nb,6.153846153846153e-12,z_pb,1e-12,q_nb,0.014864864864864867,q_pb,0.001,PAV_conc,low,500000,309087.47154762247,-0.4809837821417279
z_nb,6.153846153846153e-12,z_pb,1e-12,q_nb,0.014864864864864867,q_pb,0.001,PAV_conc,+N,500000,307706.2680692587,-0.4854624455858529
z_nb,6.153846153846153e-12,z_pb,1e-12,q_nb,0.014864864864864867,q_pb,0.001,PAV_conc,+P,500000,309087.47154762247,-0.4809837821417279
z_nb,6.153846153846153e-12,z_pb,1e-12,q_nb,0.014864864864864867,q_pb,0.001,PAV_conc,+N+P,500000,307706.2680692587,-0.4854624455858529
z_nb,6.153846153846153e-12,z_pb,1e-12,q_nb,0.04700683008358402,q_pb,0.0031622776601683794,RPV_conc,low,500000,451531.6077418792,-0.1019627219426403
z_nb,6.153846153846153e-12,z_pb,1e-12,q_nb,0.04700683008358402,q_pb,0.0031622776601683794,RPV_conc,+N,500000,615946.3383096423,0.20855174818306105
z_nb,6.153846153846153e-12,z_pb,1e-12,q_nb,0.04700683008358402,q_pb,0.0031622776601683794,RPV_conc,+P,500000,451531.6077418792,-0.1019627219426403
z_nb,6.153846153846153e-12,z_pb,1e-12,q_nb,0.04700683008358402,q_pb,0.0031622776601683794,RPV_conc,+N+P,500000,615946.3383096423,0.20855174818306105
z_nb,6.153846153846153e-12,z_pb,1e-12,q_nb,0.04700683008358402,q_pb,0.0031622776601683794,PAV_conc,low,500000,309087.47154762247,-0.4809837821417279
z_nb,6.153846153846153e-12,z_pb,1e-12,q_nb,0.04700683008358402,q_pb,0.0031622776601683794,PAV_conc,+N,500000,307706.2680692587,-0.4854624455858529
z_nb,6.153846153846153e-12,z_pb,1e-12,q_nb,0.04700683008358402,q_pb,0.0031622776601683794,PAV_conc,+P,500000,309087.47154762247,-0.4809837821417279
z_nb,6.153846153846153e-12,z_pb,1e-12,q_nb,0.04700683008358402,q_pb,0.0031622776601683794,PAV_conc,+N+P,500000,307706.2680692587,-0.4854624455858529
z_nb,6.153846153846153e-12,z_pb,1e-12,q_nb,0.14864864864864866,q_pb,0.01,RPV_conc,low,500000,451531.6077418792,-0.1019627219426403
z_nb,6.153846153846153e-12,z_pb,1e-12,q_nb,0.14864864864864866,q_pb,0.01,RPV_conc,+N,500000,615946.3383096423,0.20855174818306105
z_nb,6.153846153846153e-12,z_pb,1e-12,q_nb,0.14864864864864866,q_pb,0.01,RPV_conc,+P,500000,451531.6077418792,-0.1019627219426403
z_nb,6.153846153846153e-12,z_pb,1e-12,q_nb,0.14864864864864866,q_pb,0.01,RPV_conc,+N+P,500000,615946.3383096423,0.20855174818306105
z_nb,6.153846153846153e-12,z_pb,1e-12,q_nb,0.14864864864864866,q_pb,0.01,PAV_conc,low,500000,309087.47154762247,-0.4809837821417279
z_nb,6.153846153846153e-12,z_pb,1e-12,q_nb,0.14864864864864866,q_pb,0.01,PAV_conc,+N,500000,307706.2680692587,-0.4854624455858529
z_nb,6.153846153846153e-12,z_pb,1e-12,q_nb,0.14864864864864866,q_pb,0.01,PAV_conc,+P,500000,309087.47154762247,-0.4809837821417279
z_nb,6.153846153846153e-12,z_pb,1e-12,q_nb,0.14864864864864866,q_pb,0.01,PAV_conc,+N+P,500000,307706.2680692587,-0.4854624455858529
z_nb,6.153846153846153e-11,z_pb,1e-11,q_nb,1.4864864864864867e-5,q_pb,1e-6,RPV_conc,low,500000,302990.14868809714,-0.5009078060219054
z_nb,6.153846153846153e-11,z_pb,1e-11,q_nb,1.4864864864864867e-5,q_pb,1e-6,RPV_conc,+N,500000,302990.14868809714,-0.5009078060219054
z_nb,6.153846153846153e-11,z_pb,1e-11,q_nb,1.4864864864864867e-5,q_pb,1e-6,RPV_conc,+P,500000,302990.14868809714,-0.5009078060219054
z_nb,6.153846153846153e-11,z_pb,1e-11,q_nb,1.4864864864864867e-5,q_pb,1e-6,RPV_conc,+N+P,500000,324051.6234167169,-0.4337052637887061
z_nb,6.153846153846153e-11,z_pb,1e-11,q_nb,1.4864864864864867e-5,q_pb,1e-6,PAV_conc,low,500000,681234.8282662733,0.309298976872444
z_nb,6.153846153846153e-11,z_pb,1e-11,q_nb,1.4864864864864867e-5,q_pb,1e-6,PAV_conc,+N,500000,678379.8080099253,0.30509922147622787
z_nb,6.153846153846153e-11,z_pb,1e-11,q_nb,1.4864864864864867e-5,q_pb,1e-6,PAV_conc,+P,500000,681234.8282662733,0.309298976872444
z_nb,6.153846153846153e-11,z_pb,1e-11,q_nb,1.4864864864864867e-5,q_pb,1e-6,PAV_conc,+N+P,500000,678379.8080099253,0.30509922147622787
z_nb,6.153846153846153e-11,z_pb,1e-11,q_nb,4.700683008358402e-5,q_pb,3.162277660168379e-6,RPV_conc,low,500000,302989.91041839984,-0.5009085924164204
z_nb,6.153846153846153e-11,z_pb,1e-11,q_nb,4.700683008358402e-5,q_pb,3.162277660168379e-6,RPV_conc,+N,500000,302989.91041839984,-0.5009085924164204
z_nb,6.153846153846153e-11,z_pb,1e-11,q_nb,4.700683008358402e-5,q_pb,3.162277660168379e-6,RPV_conc,+P,500000,302989.91041839984,-0.5009085924164204
z_nb,6.153846153846153e-11,z_pb,1e-11,q_nb,4.700683008358402e-5,q_pb,3.162277660168379e-6,RPV_conc,+N+P,500000,341205.0985293344,-0.382124339981569
z_nb,6.153846153846153e-11,z_pb,1e-11,q_nb,4.700683008358402e-5,q_pb,3.162277660168379e-6,PAV_conc,low,500000,678254.9128754215,0.30491509654866433
z_nb,6.153846153846153e-11,z_pb,1e-11,q_nb,4.700683008358402e-5,q_pb,3.162277660168379e-6,PAV_conc,+N,500000,675855.3469368365,0.30137097090172005
z_nb,6.153846153846153e-11,z_pb,1e-11,q_nb,4.700683008358402e-5,q_pb,3.162277660168379e-6,PAV_conc,+P,500000,678254.9128754215,0.30491509654866433
z_nb,6.153846153846153e-11,z_pb,1e-11,q_nb,4.700683008358402e-5,q_pb,3.162277660168379e-6,PAV_conc,+N+P,500000,675855.3469368365,0.30137097090172005
z_nb,6.153846153846153e-11,z_pb,1e-11,q_nb,1.4864864864864869e-4,q_pb,1e-5,RPV_conc,low,500000,302989.77783863875,-0.5009090299880541
z_nb,6.153846153846153e-11,z_pb,1e-11,q_nb,1.4864864864864869e-4,q_pb,1e-5,RPV_conc,+N,500000,302989.77783863875,-0.5009090299880541
z_nb,6.153846153846153e-11,z_pb,1e-11,q_nb,1.4864864864864869e-4,q_pb,1e-5,RPV_conc,+P,500000,302989.77783863875,-0.5009090299880541
z_nb,6.153846153846153e-11,z_pb,1e-11,q_nb,1.4864864864864869e-4,q_pb,1e-5,RPV_conc,+N+P,500000,421643.74040890264,-0.17044735797858637
z_nb,6.153846153846153e-11,z_pb,1e-11,q_nb,1.4864864864864869e-4,q_pb,1e-5,PAV_conc,low,500000,668917.7304025284,0.29105298015686404
z_nb,6.153846153846153e-11,z_pb,1e-11,q_nb,1.4864864864864869e-4,q_pb,1e-5,PAV_conc,+N,500000,667934.311156159,0.2895817336865181
z_nb,6.153846153846153e-11,z_pb,1e-11,q_nb,1.4864864864864869e-4,q_pb,1e-5,PAV_conc,+P,500000,668917.7304025284,0.29105298015686404
z_nb,6.153846153846153e-11,z_pb,1e-11,q_nb,1.4864864864864869e-4,q_pb,1e-5,PAV_conc,+N+P,500000,667934.311156159,0.2895817336865181
z_nb,6.153846153846153e-11,z_pb,1e-11,q_nb,4.7006830083584026e-4,q_pb,3.1622776601683795e-5,RPV_conc,low,500000,310896.1874418508,-0.4751490444051712
z_nb,6.153846153846153e-11,z_pb,1e-11,q_nb,4.7006830083584026e-4,q_pb,3.1622776601683795e-5,RPV_conc,+N,500000,422414.7536354145,-0.16862043852596814
z_nb,6.153846153846153e-11,z_pb,1e-11,q_nb,4.7006830083584026e-4,q_pb,3.1622776601683795e-5,RPV_conc,+P,500000,310896.1874418508,-0.4751490444051712
z_nb,6.153846153846153e-11,z_pb,1e-11,q_nb,4.7006830083584026e-4,q_pb,3.1622776601683795e-5,RPV_conc,+N+P,500000,541449.4442189258,0.07964160118371498
z_nb,6.153846153846153e-11,z_pb,1e-11,q_nb,4.7006830083584026e-4,q_pb,3.1622776601683795e-5,PAV_conc,low,500000,640234.2143808084,0.2472259709545219
z_nb,6.153846153846153e-11,z_pb,1e-11,q_nb,4.7006830083584026e-4,q_pb,3.1622776601683795e-5,PAV_conc,+N,500000,643494.7993521484,0.2523058467664885
z_nb,6.153846153846153e-11,z_pb,1e-11,q_nb,4.7006830083584026e-4,q_pb,3.1622776601683795e-5,PAV_conc,+P,500000,640234.2143808084,0.2472259709545219
z_nb,6.153846153846153e-11,z_pb,1e-11,q_nb,4.7006830083584026e-4,q_pb,3.1622776601683795e-5,PAV_conc,+N+P,500000,643494.7993521484,0.2523058467664885
z_nb,6.153846153846153e-11,z_pb,1e-11,q_nb,0.0011,q_pb,7.4e-5,RPV_conc,low,500000,431224.46979310253,-0.14797933230880206
z_nb,6.153846153846153e-11,z_pb,1e-11,q_nb,0.0011,q_pb,7.4e-5,RPV_conc,+N,500000,595503.4251691196,0.17479904210997121
z_nb,6.153846153846153e-11,z_pb,1e-11,q_nb,0.0011,q_pb,7.4e-5,RPV_conc,+P,500000,431224.46979310253,-0.14797933230880206
z_nb,6.153846153846153e-11,z_pb,1e-11,q_nb,0.0011,q_pb,7.4e-5,RPV_conc,+N+P,500000,595503.4251691196,0.17479904210997121
z_nb,6.153846153846153e-11,z_pb,1e-11,q_nb,0.0011,q_pb,7.4e-5,PAV_conc,low,500000,587559.2383553754,0.1613689737561863
z_nb,6.153846153846153e-11,z_pb,1e-11,q_nb,0.0011,q_pb,7.4e-5,PAV_conc,+N,500000,598173.0610415168,0.17927201339539214
z_nb,6.153846153846153e-11,z_pb,1e-11,q_nb,0.0011,q_pb,7.4e-5,PAV_conc,+P,500000,587559.2383553754,0.1613689737561863
z_nb,6.153846153846153e-11,z_pb,1e-11,q_nb,0.0011,q_pb,7.4e-5,PAV_conc,+N+P,500000,598173.0610415168,0.17927201339539214
z_nb,6.153846153846153e-11,z_pb,1e-11,q_nb,0.0014864864864864867,q_pb,1e-4,RPV_conc,low,500000,443475.4135285698,-0.11996573557438395
z_nb,6.153846153846153e-11,z_pb,1e-11,q_nb,0.0014864864864864867,q_pb,1e-4,RPV_conc,+N,500000,605607.4519146755,0.19162390863636433
z_nb,6.153846153846153e-11,z_pb,1e-11,q_nb,0.0014864864864864867,q_pb,1e-4,RPV_conc,+P,500000,443475.4135285698,-0.11996573557438395
z_nb,6.153846153846153e-11,z_pb,1e-11,q_nb,0.0014864864864864867,q_pb,1e-4,RPV_conc,+N+P,500000,605607.4519146755,0.19162390863636433
z_nb,6.153846153846153e-11,z_pb,1e-11,q_nb,0.0014864864864864867,q_pb,1e-4,PAV_conc,low,500000,557422.9385456587,0.10871616853394367
z_nb,6.153846153846153e-11,z_pb,1e-11,q_nb,0.0014864864864864867,q_pb,1e-4,PAV_conc,+N,500000,571968.5517142923,0.13447591192570887
z_nb,6.153846153846153e-11,z_pb,1e-11,q_nb,0.0014864864864864867,q_pb,1e-4,PAV_conc,+P,500000,557422.9385456587,0.10871616853394367
z_nb,6.153846153846153e-11,z_pb,1e-11,q_nb,0.0014864864864864867,q_pb,1e-4,PAV_conc,+N+P,500000,571968.5517142923,0.13447591192570887
z_nb,6.153846153846153e-11,z_pb,1e-11,q_nb,0.004700683008358402,q_pb,3.1622776601683794e-4,RPV_conc,low,500000,451414.1201164975,-0.10222295380911882
z_nb,6.153846153846153e-11,z_pb,1e-11,q_nb,0.004700683008358402,q_pb,3.1622776601683794e-4,RPV_conc,+N,500000,615846.0799089096,0.20838896361080483
z_nb,6.153846153846153e-11,z_pb,1e-11,q_nb,0.004700683008358402,q_pb,3.1622776601683794e-4,RPV_conc,+P,500000,451414.1201164975,-0.10222295380911882
z_nb,6.153846153846153e-11,z_pb,1e-11,q_nb,0.004700683008358402,q_pb,3.1622776601683794e-4,RPV_conc,+N+P,500000,615846.0799089096,0.20838896361080483
z_nb,6.153846153846153e-11,z_pb,1e-11,q_nb,0.004700683008358402,q_pb,3.1622776601683794e-4,PAV_conc,low,500000,359966.2014257972,-0.3285979563078429
z_nb,6.153846153846153e-11,z_pb,1e-11,q_nb,0.004700683008358402,q_pb,3.1622776601683794e-4,PAV_conc,+N,500000,394205.699863778,-0.23773524448852792
z_nb,6.153846153846153e-11,z_pb,1e-11,q_nb,0.004700683008358402,q_pb,3.1622776601683794e-4,PAV_conc,+P,500000,359966.2014257972,-0.3285979563078429
z_nb,6.153846153846153e-11,z_pb,1e-11,q_nb,0.004700683008358402,q_pb,3.1622776601683794e-4,PAV_conc,+N+P,500000,394205.699863778,-0.23773524448852792
z_nb,6.153846153846153e-11,z_pb,1e-11,q_nb,0.014864864864864867,q_pb,0.001,RPV_conc,low,500000,451531.6077418792,-0.1019627219426403
z_nb,6.153846153846153e-11,z_pb,1e-11,q_nb,0.014864864864864867,q_pb,0.001,RPV_conc,+N,500000,615946.3383096423,0.20855174818306105
z_nb,6.153846153846153e-11,z_pb,1e-11,q_nb,0.014864864864864867,q_pb,0.001,RPV_conc,+P,500000,451531.6077418792,-0.1019627219426403
z_nb,6.153846153846153e-11,z_pb,1e-11,q_nb,0.014864864864864867,q_pb,0.001,RPV_conc,+N+P,500000,615946.3383096423,0.20855174818306105
z_nb,6.153846153846153e-11,z_pb,1e-11,q_nb,0.014864864864864867,q_pb,0.001,PAV_conc,low,500000,309087.47154762247,-0.4809837821417279
z_nb,6.153846153846153e-11,z_pb,1e-11,q_nb,0.014864864864864867,q_pb,0.001,PAV_conc,+N,500000,307706.2680692587,-0.4854624455858529
z_nb,6.153846153846153e-11,z_pb,1e-11,q_nb,0.014864864864864867,q_pb,0.001,PAV_conc,+P,500000,309087.47154762247,-0.4809837821417279
z_nb,6.153846153846153e-11,z_pb,1e-11,q_nb,0.014864864864864867,q_pb,0.001,PAV_conc,+N+P,500000,307706.2680692587,-0.4854624455858529
z_nb,6.153846153846153e-11,z_pb,1e-11,q_nb,0.04700683008358402,q_pb,0.0031622776601683794,RPV_conc,low,500000,451531.6077418792,-0.1019627219426403
z_nb,6.153846153846153e-11,z_pb,1e-11,q_nb,0.04700683008358402,q_pb,0.0031622776601683794,RPV_conc,+N,500000,615946.3383096423,0.20855174818306105
z_nb,6.153846153846153e-11,z_pb,1e-11,q_nb,0.04700683008358402,q_pb,0.0031622776601683794,RPV_conc,+P,500000,451531.6077418792,-0.1019627219426403
z_nb,6.153846153846153e-11,z_pb,1e-11,q_nb,0.04700683008358402,q_pb,0.0031622776601683794,RPV_conc,+N+P,500000,615946.3383096423,0.20855174818306105
z_nb,6.153846153846153e-11,z_pb,1e-11,q_nb,0.04700683008358402,q_pb,0.0031622776601683794,PAV_conc,low,500000,309087.47154762247,-0.4809837821417279
z_nb,6.153846153846153e-11,z_pb,1e-11,q_nb,0.04700683008358402,q_pb,0.0031622776601683794,PAV_conc,+N,500000,307706.2680692587,-0.4854624455858529
z_nb,6.153846153846153e-11,z_pb,1e-11,q_nb,0.04700683008358402,q_pb,0.0031622776601683794,PAV_conc,+P,500000,309087.47154762247,-0.4809837821417279
z_nb,6.153846153846153e-11,z_pb,1e-11,q_nb,0.04700683008358402,q_pb,0.0031622776601683794,PAV_conc,+N+P,500000,307706.2680692587,-0.4854624455858529
z_nb,6.153846153846153e-11,z_pb,1e-11,q_nb,0.14864864864864866,q_pb,0.01,RPV_conc,low,500000,451531.6077418792,-0.1019627219426403
z_nb,6.153846153846153e-11,z_pb,1e-11,q_nb,0.14864864864864866,q_pb,0.01,RPV_conc,+N,500000,615946.3383096423,0.20855174818306105
z_nb,6.153846153846153e-11,z_pb,1e-11,q_nb,0.14864864864864866,q_pb,0.01,RPV_conc,+P,500000,451531.6077418792,-0.1019627219426403
z_nb,6.153846153846153e-11,z_pb,1e-11,q_nb,0.14864864864864866,q_pb,0.01,RPV_conc,+N+P,500000,615946.3383096423,0.20855174818306105
z_nb,6.153846153846153e-11,z_pb,1e-11,q_nb,0.14864864864864866,q_pb,0.01,PAV_conc,low,500000,309087.47154762247,-0.4809837821417279
z_nb,6.153846153846153e-11,z_pb,1e-11,q_nb,0.14864864864864866,q_pb,0.01,PAV_conc,+N,500000,307706.2680692587,-0.4854624455858529
z_nb,6.153846153846153e-11,z_pb,1e-11,q_nb,0.14864864864864866,q_pb,0.01,PAV_conc,+P,500000,309087.47154762247,-0.4809837821417279
z_nb,6.153846153846153e-11,z_pb,1e-11,q_nb,0.14864864864864866,q_pb,0.01,PAV_conc,+N+P,500000,307706.2680692587,-0.4854624455858529
z_nb,6.153846153846154e-10,z_pb,1e-10,q_nb,1.4864864864864867e-5,q_pb,1e-6,RPV_conc,low,500000,302989.8397169502,-0.5009088257623354
z_nb,6.153846153846154e-10,z_pb,1e-10,q_nb,1.4864864864864867e-5,q_pb,1e-6,RPV_conc,+N,500000,302989.8397169502,-0.5009088257623354
z_nb,6.153846153846154e-10,z_pb,1e-10,q_nb,1.4864864864864867e-5,q_pb,1e-6,RPV_conc,+P,500000,302989.8397169502,-0.5009088257623354
z_nb,6.153846153846154e-10,z_pb,1e-10,q_nb,1.4864864864864867e-5,q_pb,1e-6,RPV_conc,+N+P,500000,302989.8397169502,-0.5009088257623354
z_nb,6.153846153846154e-10,z_pb,1e-10,q_nb,1.4864864864864867e-5,q_pb,1e-6,PAV_conc,low,500000,681637.0479424936,0.3098892299914928
z_nb,6.153846153846154e-10,z_pb,1e-10,q_nb,1.4864864864864867e-5,q_pb,1e-6,PAV_conc,+N,500000,678636.3277180844,0.30547728582559097
z_nb,6.153846153846154e-10,z_pb,1e-10,q_nb,1.4864864864864867e-5,q_pb,1e-6,PAV_conc,+P,500000,681637.0479424936,0.3098892299914928
z_nb,6.153846153846154e-10,z_pb,1e-10,q_nb,1.4864864864864867e-5,q_pb,1e-6,PAV_conc,+N+P,500000,678636.3277180844,0.30547728582559097
z_nb,6.153846153846154e-10,z_pb,1e-10,q_nb,4.700683008358402e-5,q_pb,3.162277660168379e-6,RPV_conc,low,500000,302990.0093857564,-0.5009082657806581
z_nb,6.153846153846154e-10,z_pb,1e-10,q_nb,4.700683008358402e-5,q_pb,3.162277660168379e-6,RPV_conc,+N,500000,302990.0093857564,-0.5009082657806581
z_nb,6.153846153846154e-10,z_pb,1e-10,q_nb,4.700683008358402e-5,q_pb,3.162277660168379e-6,RPV_conc,+P,500000,302990.0093857564,-0.5009082657806581
z_nb,6.153846153846154e-10,z_pb,1e-10,q_nb,4.700683008358402e-5,q_pb,3.162277660168379e-6,RPV_conc,+N+P,500000,302990.0093857564,-0.5009082657806581
z_nb,6.153846153846154e-10,z_pb,1e-10,q_nb,4.700683008358402e-5,q_pb,3.162277660168379e-6,PAV_conc,low,500000,678590.3616313495,0.3054095505134089
z_nb,6.153846153846154e-10,z_pb,1e-10,q_nb,4.700683008358402e-5,q_pb,3.162277660168379e-6,PAV_conc,+N,500000,676069.6599919839,0.30168801963718134
z_nb,6.153846153846154e-10,z_pb,1e-10,q_nb,4.700683008358402e-5,q_pb,3.162277660168379e-6,PAV_conc,+P,500000,678590.3616313495,0.3054095505134089
z_nb,6.153846153846154e-10,z_pb,1e-10,q_nb,4.700683008358402e-5,q_pb,3.162277660168379e-6,PAV_conc,+N+P,500000,676069.6599919839,0.30168801963718134
z_nb,6.153846153846154e-10,z_pb,1e-10,q_nb,1.4864864864864869e-4,q_pb,1e-5,RPV_conc,low,500000,302989.95188104437,-0.5009084555714619
z_nb,6.153846153846154e-10,z_pb,1e-10,q_nb,1.4864864864864869e-4,q_pb,1e-5,RPV_conc,+N,500000,302989.95188104437,-0.5009084555714619
z_nb,6.153846153846154e-10,z_pb,1e-10,q_nb,1.4864864864864869e-4,q_pb,1e-5,RPV_conc,+P,500000,302989.95188104437,-0.5009084555714619
z_nb,6.153846153846154e-10,z_pb,1e-10,q_nb,1.4864864864864869e-4,q_pb,1e-5,RPV_conc,+N+P,500000,302989.95188104437,-0.5009084555714619
z_nb,6.153846153846154e-10,z_pb,1e-10,q_nb,1.4864864864864869e-4,q_pb,1e-5,PAV_conc,low,500000,669051.8613717698,0.2912534794365416
z_nb,6.153846153846154e-10,z_pb,1e-10,q_nb,1.4864864864864869e-4,q_pb,1e-5,PAV_conc,+N,500000,668020.4870706338,0.2897107439115774
z_nb,6.153846153846154e-10,z_pb,1e-10,q_nb,1.4864864864864869e-4,q_pb,1e-5,PAV_conc,+P,500000,669051.8613717698,0.2912534794365416
z_nb,6.153846153846154e-10,z_pb,1e-10,q_nb,1.4864864864864869e-4,q_pb,1e-5,PAV_conc,+N+P,500000,668020.4870706338,0.2897107439115774
z_nb,6.153846153846154e-10,z_pb,1e-10,q_nb,4.7006830083584026e-4,q_pb,3.1622776601683795e-5,RPV_conc,low,500000,302989.95188104437,-0.5009084555714619
z_nb,6.153846153846154e-10,z_pb,1e-10,q_nb,4.7006830083584026e-4,q_pb,3.1622776601683795e-5,RPV_conc,+N,500000,302989.95188104437,-0.5009084555714619
z_nb,6.153846153846154e-10,z_pb,1e-10,q_nb,4.7006830083584026e-4,q_pb,3.1622776601683795e-5,RPV_conc,+P,500000,302989.95188104437,-0.5009084555714619
z_nb,6.153846153846154e-10,z_pb,1e-10,q_nb,4.7006830083584026e-4,q_pb,3.1622776601683795e-5,RPV_conc,+N+P,500000,302989.95188104437,-0.5009084555714619
z_nb,6.153846153846154e-10,z_pb,1e-10,q_nb,4.7006830083584026e-4,q_pb,3.1622776601683795e-5,PAV_conc,low,500000,639823.5692168585,0.2465843668280537
z_nb,6.153846153846154e-10,z_pb,1e-10,q_nb,4.7006830083584026e-4,q_pb,3.1622776601683795e-5,PAV_conc,+N,500000,643226.1289506074,0.2518882419859398
z_nb,6.153846153846154e-10,z_pb,1e-10,q_nb,4.7006830083584026e-4,q_pb,3.1622776601683795e-5,PAV_conc,+P,500000,639823.5692168585,0.2465843668280537
z_nb,6.153846153846154e-10,z_pb,1e-10,q_nb,4.7006830083584026e-4,q_pb,3.1622776601683795e-5,PAV_conc,+N+P,500000,643226.1289506074,0.2518882419859398
z_nb,6.153846153846154e-10,z_pb,1e-10,q_nb,0.0011,q_pb,7.4e-5,RPV_conc,low,500000,340845.9435628227,-0.3831775016294315
z_nb,6.153846153846154e-10,z_pb,1e-10,q_nb,0.0011,q_pb,7.4e-5,RPV_conc,+N,500000,309799.60113566864,-0.47868245793002434
z_nb,6.153846153846154e-10,z_pb,1e-10,q_nb,0.0011,q_pb,7.4e-5,RPV_conc,+P,500000,340845.9435628227,-0.3831775016294315
z_nb,6.153846153846154e-10,z_pb,1e-10,q_nb,0.0011,q_pb,7.4e-5,RPV_conc,+N+P,500000,441886.7037587625,-0.12355457553934562
z_nb,6.153846153846154e-10,z_pb,1e-10,q_nb,0.0011,q_pb,7.4e-5,PAV_conc,low,500000,586426.8909323957,0.1594399087597946
z_nb,6.153846153846154e-10,z_pb,1e-10,q_nb,0.0011,q_pb,7.4e-5,PAV_conc,+N,500000,597403.2183790498,0.1779841946553995
z_nb,6.153846153846154e-10,z_pb,1e-10,q_nb,0.0011,q_pb,7.4e-5,PAV_conc,+P,500000,586426.8909323957,0.1594399087597946
z_nb,6.153846153846154e-10,z_pb,1e-10,q_nb,0.0011,q_pb,7.4e-5,PAV_conc,+N+P,500000,597403.2183790498,0.1779841946553995
z_nb,6.153846153846154e-10,z_pb,1e-10,q_nb,0.0014864864864864867,q_pb,1e-4,RPV_conc,low,500000,397412.766931452,-0.22963264267191305
z_nb,6.153846153846154e-10,z_pb,1e-10,q_nb,0.0014864864864864867,q_pb,1e-4,RPV_conc,+N,500000,408118.35779061716,-0.20305087346269793
z_nb,6.153846153846154e-10,z_pb,1e-10,q_nb,0.0014864864864864867,q_pb,1e-4,RPV_conc,+P,500000,397412.766931452,-0.22963264267191305
z_nb,6.153846153846154e-10,z_pb,1e-10,q_nb,0.0014864864864864867,q_pb,1e-4,RPV_conc,+N+P,500000,529554.0184512318,0.057427079265154224
z_nb,6.153846153846154e-10,z_pb,1e-10,q_nb,0.0014864864864864867,q_pb,1e-4,PAV_conc,low,500000,556032.2205027748,0.10621814469388166
z_nb,6.153846153846154e-10,z_pb,1e-10,q_nb,0.0014864864864864867,q_pb,1e-4,PAV_conc,+N,500000,570998.4763049423,0.1327784427625563
z_nb,6.153846153846154e-10,z_pb,1e-10,q_nb,0.0014864864864864867,q_pb,1e-4,PAV_conc,+P,500000,556032.2205027748,0.10621814469388166
z_nb,6.153846153846154e-10,z_pb,1e-10,q_nb,0.0014864864864864867,q_pb,1e-4,PAV_conc,+N+P,500000,570998.4763049423,0.1327784427625563
z_nb,6.153846153846154e-10,z_pb,1e-10,q_nb,0.004700683008358402,q_pb,3.1622776601683794e-4,RPV_conc,low,500000,450396.95016520575,-0.10447879301127617
z_nb,6.153846153846154e-10,z_pb,1e-10,q_nb,0.004700683008358402,q_pb,3.1622776601683794e-4,RPV_conc,+N,500000,614993.5390639171,0.20700366374201534
z_nb,6.153846153846154e-10,z_pb,1e-10,q_nb,0.004700683008358402,q_pb,3.1622776601683794e-4,RPV_conc,+P,500000,450396.95016520575,-0.10447879301127617
z_nb,6.153846153846154e-10,z_pb,1e-10,q_nb,0.004700683008358402,q_pb,3.1622776601683794e-4,RPV_conc,+N+P,500000,614993.5390639171,0.20700366374201534
z_nb,6.153846153846154e-10,z_pb,1e-10,q_nb,0.004700683008358402,q_pb,3.1622776601683794e-4,PAV_conc,low,500000,359223.75225468463,-0.33066263874970064
z_nb,6.153846153846154e-10,z_pb,1e-10,q_nb,0.004700683008358402,q_pb,3.1622776601683794e-4,PAV_conc,+N,500000,393386.41136708274,-0.23981573458113406
z_nb,6.153846153846154e-10,z_pb,1e-10,q_nb,0.004700683008358402,q_pb,3.1622776601683794e-4,PAV_conc,+P,500000,359223.75225468463,-0.33066263874970064
z_nb,6.153846153846154e-10,z_pb,1e-10,q_nb,0.004700683008358402,q_pb,3.1622776601683794e-4,PAV_conc,+N+P,500000,393386.41136708274,-0.23981573458113406
z_nb,6.153846153846154e-10,z_pb,1e-10,q_nb,0.014864864864864867,q_pb,0.001,RPV_conc,low,500000,451531.6077418792,-0.1019627219426403
z_nb,6.153846153846154e-10,z_pb,1e-10,q_nb,0.014864864864864867,q_pb,0.001,RPV_conc,+N,500000,615946.3383096423,0.20855174818306105
z_nb,6.153846153846154e-10,z_pb,1e-10,q_nb,0.014864864864864867,q_pb,0.001,RPV_conc,+P,500000,451531.6077418792,-0.1019627219426403
z_nb,6.153846153846154e-10,z_pb,1e-10,q_nb,0.014864864864864867,q_pb,0.001,RPV_conc,+N+P,500000,615946.3383096423,0.20855174818306105
z_nb,6.153846153846154e-10,z_pb,1e-10,q_nb,0.014864864864864867,q_pb,0.001,PAV_conc,low,500000,309087.47154762247,-0.4809837821417279
z_nb,6.153846153846154e-10,z_pb,1e-10,q_nb,0.014864864864864867,q_pb,0.001,PAV_conc,+N,500000,307706.2680692587,-0.4854624455858529
z_nb,6.153846153846154e-10,z_pb,1e-10,q_nb,0.014864864864864867,q_pb,0.001,PAV_conc,+P,500000,309087.47154762247,-0.4809837821417279
z_nb,6.153846153846154e-10,z_pb,1e-10,q_nb,0.014864864864864867,q_pb,0.001,PAV_conc,+N+P,500000,307706.2680692587,-0.4854624455858529
z_nb,6.153846153846154e-10,z_pb,1e-10,q_nb,0.04700683008358402,q_pb,0.0031622776601683794,RPV_conc,low,500000,451531.6077418792,-0.1019627219426403
z_nb,6.153846153846154e-10,z_pb,1e-10,q_nb,0.04700683008358402,q_pb,0.0031622776601683794,RPV_conc,+N,500000,615946.3383096423,0.20855174818306105
z_nb,6.153846153846154e-10,z_pb,1e-10,q_nb,0.04700683008358402,q_pb,0.0031622776601683794,RPV_conc,+P,500000,451531.6077418792,-0.1019627219426403
z_nb,6.153846153846154e-10,z_pb,1e-10,q_nb,0.04700683008358402,q_pb,0.0031622776601683794,RPV_conc,+N+P,500000,615946.3383096423,0.20855174818306105
z_nb,6.153846153846154e-10,z_pb,1e-10,q_nb,0.04700683008358402,q_pb,0.0031622776601683794,PAV_conc,low,500000,309087.47154762247,-0.4809837821417279
z_nb,6.153846153846154e-10,z_pb,1e-10,q_nb,0.04700683008358402,q_pb,0.0031622776601683794,PAV_conc,+N,500000,307706.2680692587,-0.4854624455858529
z_nb,6.153846153846154e-10,z_pb,1e-10,q_nb,0.04700683008358402,q_pb,0.0031622776601683794,PAV_conc,+P,500000,309087.47154762247,-0.4809837821417279
z_nb,6.153846153846154e-10,z_pb,1e-10,q_nb,0.04700683008358402,q_pb,0.0031622776601683794,PAV_conc,+N+P,500000,307706.2680692587,-0.4854624455858529
z_nb,6.153846153846154e-10,z_pb,1e-10,q_nb,0.14864864864864866,q_pb,0.01,RPV_conc,low,500000,451531.6077418792,-0.1019627219426403
z_nb,6.153846153846154e-10,z_pb,1e-10,q_nb,0.14864864864864866,q_pb,0.01,RPV_conc,+N,500000,615946.3383096423,0.20855174818306105
z_nb,6.153846153846154e-10,z_pb,1e-10,q_nb,0.14864864864864866,q_pb,0.01,RPV_conc,+P,500000,451531.6077418792,-0.1019627219426403
z_nb,6.153846153846154e-10,z_pb,1e-10,q_nb,0.14864864864864866,q_pb,0.01,RPV_conc,+N+P,500000,615946.3383096423,0.20855174818306105
z_nb,6.153846153846154e-10,z_pb,1e-10,q_nb,0.14864864864864866,q_pb,0.01,PAV_conc,low,500000,309087.47154762247,-0.4809837821417279
z_nb,6.153846153846154e-10,z_pb,1e-10,q_nb,0.14864864864864866,q_pb,0.01,PAV_conc,+N,500000,307706.2680692587,-0.4854624455858529
z_nb,6.153846153846154e-10,z_pb,1e-10,q_nb,0.14864864864864866,q_pb,0.01,PAV_conc,+P,500000,309087.47154762247,-0.4809837821417279
z_nb,6.153846153846154e-10,z_pb,1e-10,q_nb,0.14864864864864866,q_pb,0.01,PAV_conc,+N+P,500000,307706.2680692587,-0.4854624455858529
z_nb,6.153846153846154e-9,z_pb,1e-9,q_nb,1.4864864864864867e-5,q_pb,1e-6,RPV_conc,low,500000,302990.4215204625,-0.500906905556185
z_nb,6.153846153846154e-9,z_pb,1e-9,q_nb,1.4864864864864867e-5,q_pb,1e-6,RPV_conc,+N,500000,302990.4215204625,-0.500906905556185
z_nb,6.153846153846154e-9,z_pb,1e-9,q_nb,1.4864864864864867e-5,q_pb,1e-6,RPV_conc,+P,500000,302990.4215204625,-0.500906905556185
z_nb,6.153846153846154e-9,z_pb,1e-9,q_nb,1.4864864864864867e-5,q_pb,1e-6,RPV_conc,+N+P,500000,302990.4215204625,-0.500906905556185
z_nb,6.153846153846154e-9,z_pb,1e-9,q_nb,1.4864864864864867e-5,q_pb,1e-6,PAV_conc,low,500000,687637.9216726633,0.3186543243404248
z_nb,6.153846153846154e-9,z_pb,1e-9,q_nb,1.4864864864864867e-5,q_pb,1e-6,PAV_conc,+N,500000,681998.0519019435,0.3104187029684275
z_nb,6.153846153846154e-9,z_pb,1e-9,q_nb,1.4864864864864867e-5,q_pb,1e-6,PAV_conc,+P,500000,687637.9216726633,0.3186543243404248
z_nb,6.153846153846154e-9,z_pb,1e-9,q_nb,1.4864864864864867e-5,q_pb,1e-6,PAV_conc,+N+P,500000,681998.0519019435,0.3104187029684275
z_nb,6.153846153846154e-9,z_pb,1e-9,q_nb,4.700683008358402e-5,q_pb,3.162277660168379e-6,RPV_conc,low,500000,302989.95188104437,-0.5009084555714619
z_nb,6.153846153846154e-9,z_pb,1e-9,q_nb,4.700683008358402e-5,q_pb,3.162277660168379e-6,RPV_conc,+N,500000,302989.95188104437,-0.5009084555714619
z_nb,6.153846153846154e-9,z_pb,1e-9,q_nb,4.700683008358402e-5,q_pb,3.162277660168379e-6,RPV_conc,+P,500000,302989.95188104437,-0.5009084555714619
z_nb,6.153846153846154e-9,z_pb,1e-9,q_nb,4.700683008358402e-5,q_pb,3.162277660168379e-6,RPV_conc,+N+P,500000,302989.95188104437,-0.5009084555714619
z_nb,6.153846153846154e-9,z_pb,1e-9,q_nb,4.700683008358402e-5,q_pb,3.162277660168379e-6,PAV_conc,low,500000,683559.0576278002,0.3127049587315976
z_nb,6.153846153846154e-9,z_pb,1e-9,q_nb,4.700683008358402e-5,q_pb,3.162277660168379e-6,PAV_conc,+N,500000,678867.6943558748,0.305818156476828
z_nb,6.153846153846154e-9,z_pb,1e-9,q_nb,4.700683008358402e-5,q_pb,3.162277660168379e-6,PAV_conc,+P,500000,683559.0576278002,0.3127049587315976
z_nb,6.153846153846154e-9,z_pb,1e-9,q_nb,4.700683008358402e-5,q_pb,3.162277660168379e-6,PAV_conc,+N+P,500000,678867.6943558748,0.305818156476828
z_nb,6.153846153846154e-9,z_pb,1e-9,q_nb,1.4864864864864869e-4,q_pb,1e-5,RPV_conc,low,500000,302989.95188104437,-0.5009084555714619
z_nb,6.153846153846154e-9,z_pb,1e-9,q_nb,1.4864864864864869e-4,q_pb,1e-5,RPV_conc,+N,500000,302989.95188104437,-0.5009084555714619
z_nb,6.153846153846154e-9,z_pb,1e-9,q_nb,1.4864864864864869e-4,q_pb,1e-5,RPV_conc,+P,500000,302989.95188104437,-0.5009084555714619
z_nb,6.153846153846154e-9,z_pb,1e-9,q_nb,1.4864864864864869e-4,q_pb,1e-5,RPV_conc,+N+P,500000,302989.95188104437,-0.5009084555714619
z_nb,6.153846153846154e-9,z_pb,1e-9,q_nb,1.4864864864864869e-4,q_pb,1e-5,PAV_conc,low,500000,670995.9029434416,0.29415493263433884
z_nb,6.153846153846154e-9,z_pb,1e-9,q_nb,1.4864864864864869e-4,q_pb,1e-5,PAV_conc,+N,500000,669132.5741472223,0.2913741097075389
z_nb,6.153846153846154e-9,z_pb,1e-9,q_nb,1.4864864864864869e-4,q_pb,1e-5,PAV_conc,+P,500000,670995.9029434416,0.29415493263433884
z_nb,6.153846153846154e-9,z_pb,1e-9,q_nb,1.4864864864864869e-4,q_pb,1e-5,PAV_conc,+N+P,500000,669132.5741472223,0.2913741097075389
z_nb,6.153846153846154e-9,z_pb,1e-9,q_nb,4.7006830083584026e-4,q_pb,3.1622776601683795e-5,RPV_conc,low,500000,302989.95188104437,-0.5009084555714619
z_nb,6.153846153846154e-9,z_pb,1e-9,q_nb,4.7006830083584026e-4,q_pb,3.1622776601683795e-5,RPV_conc,+N,500000,302989.95188104437,-0.5009084555714619
z_nb,6.153846153846154e-9,z_pb,1e-9,q_nb,4.7006830083584026e-4,q_pb,3.1622776601683795e-5,RPV_conc,+P,500000,302989.95188104437,-0.5009084555714619
z_nb,6.153846153846154e-9,z_pb,1e-9,q_nb,4.7006830083584026e-4,q_pb,3.1622776601683795e-5,RPV_conc,+N+P,500000,302989.95188104437,-0.5009084555714619
z_nb,6.153846153846154e-9,z_pb,1e-9,q_nb,4.7006830083584026e-4,q_pb,3.1622776601683795e-5,PAV_conc,low,500000,634231.9026574673,0.23780656619716414
z_nb,6.153846153846154e-9,z_pb,1e-9,q_nb,4.7006830083584026e-4,q_pb,3.1622776601683795e-5,PAV_conc,+N,500000,639876.2179862756,0.2466666498290721
z_nb,6.153846153846154e-9,z_pb,1e-9,q_nb,4.7006830083584026e-4,q_pb,3.1622776601683795e-5,PAV_conc,+P,500000,634231.9026574673,0.23780656619716414
z_nb,6.153846153846154e-9,z_pb,1e-9,q_nb,4.7006830083584026e-4,q_pb,3.1622776601683795e-5,PAV_conc,+N+P,500000,639876.2179862756,0.2466666498290721
z_nb,6.153846153846154e-9,z_pb,1e-9,q_nb,0.0011,q_pb,7.4e-5,RPV_conc,low,500000,317481.1451281355,-0.45418966727602467
z_nb,6.153846153846154e-9,z_pb,1e-9,q_nb,0.0011,q_pb,7.4e-5,RPV_conc,+N,500000,318180.50308934157,-0.4519892568993823
z_nb,6.153846153846154e-9,z_pb,1e-9,q_nb,0.0011,q_pb,7.4e-5,RPV_conc,+P,500000,317481.1451281355,-0.45418966727602467
z_nb,6.153846153846154e-9,z_pb,1e-9,q_nb,0.0011,q_pb,7.4e-5,RPV_conc,+N+P,500000,427695.81410494156,-0.1561958702259017
z_nb,6.153846153846154e-9,z_pb,1e-9,q_nb,0.0011,q_pb,7.4e-5,PAV_conc,low,500000,572454.0805135036,0.13532442507927508
z_nb,6.153846153846154e-9,z_pb,1e-9,q_nb,0.0011,q_pb,7.4e-5,PAV_conc,+N,500000,588350.0806619483,0.1627140475863146
z_nb,6.153846153846154e-9,z_pb,1e-9,q_nb,0.0011,q_pb,7.4e-5,PAV_conc,+P,500000,572454.0805135036,0.13532442507927508
z_nb,6.153846153846154e-9,z_pb,1e-9,q_nb,0.0011,q_pb,7.4e-5,PAV_conc,+N+P,500000,588350.0806619483,0.1627140475863146
z_nb,6.153846153846154e-9,z_pb,1e-9,q_nb,0.0014864864864864867,q_pb,1e-4,RPV_conc,low,500000,346602.7856223392,-0.3664286841783514
z_nb,6.153846153846154e-9,z_pb,1e-9,q_nb,0.0014864864864864867,q_pb,1e-4,RPV_conc,+N,500000,361311.25996288966,-0.32486829562028785
z_nb,6.153846153846154e-9,z_pb,1e-9,q_nb,0.0014864864864864867,q_pb,1e-4,RPV_conc,+P,500000,346602.7856223392,-0.3664286841783514
z_nb,6.153846153846154e-9,z_pb,1e-9,q_nb,0.0014864864864864867,q_pb,1e-4,RPV_conc,+N+P,500000,485909.1882328915,-0.02858634746923726
z_nb,6.153846153846154e-9,z_pb,1e-9,q_nb,0.0014864864864864867,q_pb,1e-4,PAV_conc,low,500000,539683.9789448526,0.07637564564942136
z_nb,6.153846153846154e-9,z_pb,1e-9,q_nb,0.0014864864864864867,q_pb,1e-4,PAV_conc,+N,500000,559934.9370784791,0.11321249476871378
z_nb,6.153846153846154e-9,z_pb,1e-9,q_nb,0.0014864864864864867,q_pb,1e-4,PAV_conc,+P,500000,539683.9789448526,0.07637564564942136
z_nb,6.153846153846154e-9,z_pb,1e-9,q_nb,0.0014864864864864867,q_pb,1e-4,PAV_conc,+N+P,500000,559934.9370784791,0.11321249476871378
z_nb,6.153846153846154e-9,z_pb,1e-9,q_nb,0.004700683008358402,q_pb,3.1622776601683794e-4,RPV_conc,low,500000,443088.70355266077,-0.12083811466797384
z_nb,6.153846153846154e-9,z_pb,1e-9,q_nb,0.004700683008358402,q_pb,3.1622776601683794e-4,RPV_conc,+N,500000,609749.5362998218,0.1984401781976517
z_nb,6.153846153846154e-9,z_pb,1e-9,q_nb,0.004700683008358402,q_pb,3.1622776601683794e-4,RPV_conc,+P,500000,443088.70355266077,-0.12083811466797384
z_nb,6.153846153846154e-9,z_pb,1e-9,q_nb,0.004700683008358402,q_pb,3.1622776601683794e-4,RPV_conc,+N+P,500000,609810.0308036157,0.19853938533025164
z_nb,6.153846153846154e-9,z_pb,1e-9,q_nb,0.004700683008358402,q_pb,3.1622776601683794e-4,PAV_conc,low,500000,352316.7737938637,-0.350077401963568
z_nb,6.153846153846154e-9,z_pb,1e-9,q_nb,0.004700683008358402,q_pb,3.1622776601683794e-4,PAV_conc,+N,500000,385456.9633991234,-0.26017855004480994
z_nb,6.153846153846154e-9,z_pb,1e-9,q_nb,0.004700683008358402,q_pb,3.1622776601683794e-4,PAV_conc,+P,500000,352316.7737938637,-0.350077401963568
z_nb,6.153846153846154e-9,z_pb,1e-9,q_nb,0.004700683008358402,q_pb,3.1622776601683794e-4,PAV_conc,+N+P,500000,385456.9633991234,-0.26017855004480994
z_nb,6.153846153846154e-9,z_pb,1e-9,q_nb,0.014864864864864867,q_pb,0.001,RPV_conc,low,500000,451531.6077418792,-0.1019627219426403
z_nb,6.153846153846154e-9,z_pb,1e-9,q_nb,0.014864864864864867,q_pb,0.001,RPV_conc,+N,500000,615946.3383096423,0.20855174818306105
z_nb,6.153846153846154e-9,z_pb,1e-9,q_nb,0.014864864864864867,q_pb,0.001,RPV_conc,+P,500000,451531.6077418792,-0.1019627219426403
z_nb,6.153846153846154e-9,z_pb,1e-9,q_nb,0.014864864864864867,q_pb,0.001,RPV_conc,+N+P,500000,615946.3383096423,0.20855174818306105
z_nb,6.153846153846154e-9,z_pb,1e-9,q_nb,0.014864864864864867,q_pb,0.001,PAV_conc,low,500000,309087.47154762247,-0.4809837821417279
z_nb,6.153846153846154e-9,z_pb,1e-9,q_nb,0.014864864864864867,q_pb,0.001,PAV_conc,+N,500000,307706.2680692587,-0.4854624455858529
z_nb,6.153846153846154e-9,z_pb,1e-9,q_nb,0.014864864864864867,q_pb,0.001,PAV_conc,+P,500000,309087.47154762247,-0.4809837821417279
z_nb,6.153846153846154e-9,z_pb,1e-9,q_nb,0.014864864864864867,q_pb,0.001,PAV_conc,+N+P,500000,307706.2680692587,-0.4854624455858529
z_nb,6.153846153846154e-9,z_pb,1e-9,q_nb,0.04700683008358402,q_pb,0.0031622776601683794,RPV_conc,low,500000,451531.6077418792,-0.1019627219426403
z_nb,6.153846153846154e-9,z_pb,1e-9,q_nb,0.04700683008358402,q_pb,0.0031622776601683794,RPV_conc,+N,500000,615946.3383096423,0.20855174818306105
z_nb,6.153846153846154e-9,z_pb,1e-9,q_nb,0.04700683008358402,q_pb,0.0031622776601683794,RPV_conc,+P,500000,451531.6077418792,-0.1019627219426403
z_nb,6.153846153846154e-9,z_pb,1e-9,q_nb,0.04700683008358402,q_pb,0.0031622776601683794,RPV_conc,+N+P,500000,615946.3383096423,0.20855174818306105
z_nb,6.153846153846154e-9,z_pb,1e-9,q_nb,0.04700683008358402,q_pb,0.0031622776601683794,PAV_conc,low,500000,309087.47154762247,-0.4809837821417279
z_nb,6.153846153846154e-9,z_pb,1e-9,q_nb,0.04700683008358402,q_pb,0.0031622776601683794,PAV_conc,+N,500000,307706.2680692587,-0.4854624455858529
z_nb,6.153846153846154e-9,z_pb,1e-9,q_nb,0.04700683008358402,q_pb,0.0031622776601683794,PAV_conc,+P,500000,309087.47154762247,-0.4809837821417279
z_nb,6.153846153846154e-9,z_pb,1e-9,q_nb,0.04700683008358402,q_pb,0.0031622776601683794,PAV_conc,+N+P,500000,307706.2680692587,-0.4854624455858529
z_nb,6.153846153846154e-9,z_pb,1e-9,q_nb,0.14864864864864866,q_pb,0.01,RPV_conc,low,500000,451531.6077418792,-0.1019627219426403
z_nb,6.153846153846154e-9,z_pb,1e-9,q_nb,0.14864864864864866,q_pb,0.01,RPV_conc,+N,500000,615946.3383096423,0.20855174818306105
z_nb,6.153846153846154e-9,z_pb,1e-9,q_nb,0.14864864864864866,q_pb,0.01,RPV_conc,+P,500000,451531.6077418792,-0.1019627219426403
z_nb,6.153846153846154e-9,z_pb,1e-9,q_nb,0.14864864864864866,q_pb,0.01,RPV_conc,+N+P,500000,615946.3383096423,0.20855174818306105
z_nb,6.153846153846154e-9,z_pb,1e-9,q_nb,0.14864864864864866,q_pb,0.01,PAV_conc,low,500000,309087.47154762247,-0.4809837821417279
z_nb,6.153846153846154e-9,z_pb,1e-9,q_nb,0.14864864864864866,q_pb,0.01,PAV_conc,+N,500000,307706.2680692587,-0.4854624455858529
z_nb,6.153846153846154e-9,z_pb,1e-9,q_nb,0.14864864864864866,q_pb,0.01,PAV_conc,+P,500000,309087.47154762247,-0.4809837821417279
z_nb,6.153846153846154e-9,z_pb,1e-9,q_nb,0.14864864864864866,q_pb,0.01,PAV_conc,+N+P,500000,307706.2680692587,-0.4854624455858529
z_nb,6.153846153846154e-8,z_pb,1e-8,q_nb,1.4864864864864867e-5,q_pb,1e-6,RPV_conc,low,500000,302989.4630807281,-0.5009100688286263
z_nb,6.153846153846154e-8,z_pb,1e-8,q_nb,1.4864864864864867e-5,q_pb,1e-6,RPV_conc,+N,500000,302989.4630807281,-0.5009100688286263
z_nb,6.153846153846154e-8,z_pb,1e-8,q_nb,1.4864864864864867e-5,q_pb,1e-6,RPV_conc,+P,500000,302989.4630807281,-0.5009100688286263
z_nb,6.153846153846154e-8,z_pb,1e-8,q_nb,1.4864864864864867e-5,q_pb,1e-6,RPV_conc,+N+P,500000,302989.4630807281,-0.5009100688286263
z_nb,6.153846153846154e-8,z_pb,1e-8,q_nb,1.4864864864864867e-5,q_pb,1e-6,PAV_conc,low,500000,420430.45962335647,-0.1733290081350228
z_nb,6.153846153846154e-8,z_pb,1e-8,q_nb,1.4864864864864867e-5,q_pb,1e-6,PAV_conc,+N,500000,458913.9983913939,-0.08574527325611046
z_nb,6.153846153846154e-8,z_pb,1e-8,q_nb,1.4864864864864867e-5,q_pb,1e-6,PAV_conc,+P,500000,420430.45962335647,-0.1733290081350228
z_nb,6.153846153846154e-8,z_pb,1e-8,q_nb,1.4864864864864867e-5,q_pb,1e-6,PAV_conc,+N+P,500000,458913.9983913939,-0.08574527325611046
z_nb,6.153846153846154e-8,z_pb,1e-8,q_nb,4.700683008358402e-5,q_pb,3.162277660168379e-6,RPV_conc,low,500000,302990.27838878153,-0.5009073779530155
z_nb,6.153846153846154e-8,z_pb,1e-8,q_nb,4.700683008358402e-5,q_pb,3.162277660168379e-6,RPV_conc,+N,500000,302990.27838878153,-0.5009073779530155
z_nb,6.153846153846154e-8,z_pb,1e-8,q_nb,4.700683008358402e-5,q_pb,3.162277660168379e-6,RPV_conc,+P,500000,302990.27838878153,-0.5009073779530155
z_nb,6.153846153846154e-8,z_pb,1e-8,q_nb,4.700683008358402e-5,q_pb,3.162277660168379e-6,RPV_conc,+N+P,500000,302990.27838878153,-0.5009073779530155
z_nb,6.153846153846154e-8,z_pb,1e-8,q_nb,4.700683008358402e-5,q_pb,3.162277660168379e-6,PAV_conc,low,500000,419966.8819053703,-0.17443224286006914
z_nb,6.153846153846154e-8,z_pb,1e-8,q_nb,4.700683008358402e-5,q_pb,3.162277660168379e-6,PAV_conc,+N,500000,458248.8601498918,-0.08719569910341571
z_nb,6.153846153846154e-8,z_pb,1e-8,q_nb,4.700683008358402e-5,q_pb,3.162277660168379e-6,PAV_conc,+P,500000,419966.8819053703,-0.17443224286006914
z_nb,6.153846153846154e-8,z_pb,1e-8,q_nb,4.700683008358402e-5,q_pb,3.162277660168379e-6,PAV_conc,+N+P,500000,458248.8601498918,-0.08719569910341571
z_nb,6.153846153846154e-8,z_pb,1e-8,q_nb,1.4864864864864869e-4,q_pb,1e-5,RPV_conc,low,500000,302989.9874658199,-0.5009083381260707
z_nb,6.153846153846154e-8,z_pb,1e-8,q_nb,1.4864864864864869e-4,q_pb,1e-5,RPV_conc,+N,500000,302989.9874658199,-0.5009083381260707
z_nb,6.153846153846154e-8,z_pb,1e-8,q_nb,1.4864864864864869e-4,q_pb,1e-5,RPV_conc,+P,500000,302989.9874658199,-0.5009083381260707
z_nb,6.153846153846154e-8,z_pb,1e-8,q_nb,1.4864864864864869e-4,q_pb,1e-5,RPV_conc,+N+P,500000,302989.9874658199,-0.5009083381260707
z_nb,6.153846153846154e-8,z_pb,1e-8,q_nb,1.4864864864864869e-4,q_pb,1e-5,PAV_conc,low,500000,418489.43119844305,-0.17795646281765928
z_nb,6.153846153846154e-8,z_pb,1e-8,q_nb,1.4864864864864869e-4,q_pb,1e-5,PAV_conc,+N,500000,456130.63666925003,-0.0918288460126952
z_nb,6.153846153846154e-8,z_pb,1e-8,q_nb,1.4864864864864869e-4,q_pb,1e-5,PAV_conc,+P,500000,418489.43119844305,-0.17795646281765928
z_nb,6.153846153846154e-8,z_pb,1e-8,q_nb,1.4864864864864869e-4,q_pb,1e-5,PAV_conc,+N+P,500000,456130.63666925003,-0.0918288460126952
z_nb,6.153846153846154e-8,z_pb,1e-8,q_nb,4.7006830083584026e-4,q_pb,3.1622776601683795e-5,RPV_conc,low,500000,302989.95188104437,-0.5009084555714619
z_nb,6.153846153846154e-8,z_pb,1e-8,q_nb,4.7006830083584026e-4,q_pb,3.1622776601683795e-5,RPV_conc,+N,500000,302989.95188104437,-0.5009084555714619
z_nb,6.153846153846154e-8,z_pb,1e-8,q_nb,4.7006830083584026e-4,q_pb,3.1622776601683795e-5,RPV_conc,+P,500000,302989.95188104437,-0.5009084555714619
z_nb,6.153846153846154e-8,z_pb,1e-8,q_nb,4.7006830083584026e-4,q_pb,3.1622776601683795e-5,RPV_conc,+N+P,500000,302989.95188104437,-0.5009084555714619
z_nb,6.153846153846154e-8,z_pb,1e-8,q_nb,4.7006830083584026e-4,q_pb,3.1622776601683795e-5,PAV_conc,low,500000,413633.95257139317,-0.18962668824083478
z_nb,6.153846153846154e-8,z_pb,1e-8,q_nb,4.7006830083584026e-4,q_pb,3.1622776601683795e-5,PAV_conc,+N,500000,449239.01854776125,-0.10705301702442437
z_nb,6.153846153846154e-8,z_pb,1e-8,q_nb,4.7006830083584026e-4,q_pb,3.1622776601683795e-5,PAV_conc,+P,500000,413633.95257139317,-0.18962668824083478
z_nb,6.153846153846154e-8,z_pb,1e-8,q_nb,4.7006830083584026e-4,q_pb,3.1622776601683795e-5,PAV_conc,+N+P,500000,449239.01854776125,-0.10705301702442437
z_nb,6.153846153846154e-8,z_pb,1e-8,q_nb,0.0011,q_pb,7.4e-5,RPV_conc,low,500000,313080.65040627634,-0.4681472720433646
z_nb,6.153846153846154e-8,z_pb,1e-8,q_nb,0.0011,q_pb,7.4e-5,RPV_conc,+N,500000,314457.46818028425,-0.4637592677376528
z_nb,6.153846153846154e-8,z_pb,1e-8,q_nb,0.0011,q_pb,7.4e-5,RPV_conc,+P,500000,313080.65040627634,-0.4681472720433646
z_nb,6.153846153846154e-8,z_pb,1e-8,q_nb,0.0011,q_pb,7.4e-5,RPV_conc,+N+P,500000,415275.6961021066,-0.1856654708027463
z_nb,6.153846153846154e-8,z_pb,1e-8,q_nb,0.0011,q_pb,7.4e-5,PAV_conc,low,500000,401749.22616074624,-0.21878001997756047
z_nb,6.153846153846154e-8,z_pb,1e-8,q_nb,0.0011,q_pb,7.4e-5,PAV_conc,+N,500000,429138.25011258957,-0.15282897007449794
z_nb,6.153846153846154e-8,z_pb,1e-8,q_nb,0.0011,q_pb,7.4e-5,PAV_conc,+P,500000,401749.22616074624,-0.21878001997756047
z_nb,6.153846153846154e-8,z_pb,1e-8,q_nb,0.0011,q_pb,7.4e-5,PAV_conc,+N+P,500000,429138.25011258957,-0.15282897007449794
z_nb,6.153846153846154e-8,z_pb,1e-8,q_nb,0.0014864864864864867,q_pb,1e-4,RPV_conc,low,500000,343837.5923405788,-0.374438667819321
z_nb,6.153846153846154e-8,z_pb,1e-8,q_nb,0.0014864864864864867,q_pb,1e-4,RPV_conc,+N,500000,366865.3759153778,-0.30961314078254093
z_nb,6.153846153846154e-8,z_pb,1e-8,q_nb,0.0014864864864864867,q_pb,1e-4,RPV_conc,+P,500000,343837.5923405788,-0.374438667819321
z_nb,6.153846153846154e-8,z_pb,1e-8,q_nb,0.0014864864864864867,q_pb,1e-4,RPV_conc,+N+P,500000,482786.09578141675,-0.03503440874065828
z_nb,6.153846153846154e-8,z_pb,1e-8,q_nb,0.0014864864864864867,q_pb,1e-4,PAV_conc,low,500000,384502.5564513898,-0.26265766073035207
z_nb,6.153846153846154e-8,z_pb,1e-8,q_nb,0.0014864864864864867,q_pb,1e-4,PAV_conc,+N,500000,411445.76596802054,-0.19493088293740338
z_nb,6.153846153846154e-8,z_pb,1e-8,q_nb,0.0014864864864864867,q_pb,1e-4,PAV_conc,+P,500000,384502.5564513898,-0.26265766073035207
z_nb,6.153846153846154e-8,z_pb,1e-8,q_nb,0.0014864864864864867,q_pb,1e-4,PAV_conc,+N+P,500000,411445.76596802054,-0.19493088293740338
z_nb,6.153846153846154e-8,z_pb,1e-8,q_nb,0.004700683008358402,q_pb,3.1622776601683794e-4,RPV_conc,low,500000,428530.14284728427,-0.15424701782395087
z_nb,6.153846153846154e-8,z_pb,1e-8,q_nb,0.004700683008358402,q_pb,3.1622776601683794e-4,RPV_conc,+N,500000,512519.05569460953,0.024729793742284466
z_nb,6.153846153846154e-8,z_pb,1e-8,q_nb,0.004700683008358402,q_pb,3.1622776601683794e-4,RPV_conc,+P,500000,428530.14284728427,-0.15424701782395087
z_nb,6.153846153846154e-8,z_pb,1e-8,q_nb,0.004700683008358402,q_pb,3.1622776601683794e-4,RPV_conc,+N+P,500000,603582.2269212714,0.18827418291086753
z_nb,6.153846153846154e-8,z_pb,1e-8,q_nb,0.004700683008358402,q_pb,3.1622776601683794e-4,PAV_conc,low,500000,323373.43383990315,-0.4358003010977209
z_nb,6.153846153846154e-8,z_pb,1e-8,q_nb,0.004700683008358402,q_pb,3.1622776601683794e-4,PAV_conc,+N,500000,339850.4039757312,-0.3861025659419143
z_nb,6.153846153846154e-8,z_pb,1e-8,q_nb,0.004700683008358402,q_pb,3.1622776601683794e-4,PAV_conc,+P,500000,323373.43383990315,-0.4358003010977209
z_nb,6.153846153846154e-8,z_pb,1e-8,q_nb,0.004700683008358402,q_pb,3.1622776601683794e-4,PAV_conc,+N+P,500000,339850.4039757312,-0.3861025659419143
z_nb,6.153846153846154e-8,z_pb,1e-8,q_nb,0.014864864864864867,q_pb,0.001,RPV_conc,low,500000,451531.6077418792,-0.1019627219426403
z_nb,6.153846153846154e-8,z_pb,1e-8,q_nb,0.014864864864864867,q_pb,0.001,RPV_conc,+N,500000,615946.3383096423,0.20855174818306105
z_nb,6.153846153846154e-8,z_pb,1e-8,q_nb,0.014864864864864867,q_pb,0.001,RPV_conc,+P,500000,451531.6077418792,-0.1019627219426403
z_nb,6.153846153846154e-8,z_pb,1e-8,q_nb,0.014864864864864867,q_pb,0.001,RPV_conc,+N+P,500000,615946.3383096423,0.20855174818306105
z_nb,6.153846153846154e-8,z_pb,1e-8,q_nb,0.014864864864864867,q_pb,0.001,PAV_conc,low,500000,309087.47154762247,-0.4809837821417279
z_nb,6.153846153846154e-8,z_pb,1e-8,q_nb,0.014864864864864867,q_pb,0.001,PAV_conc,+N,500000,307706.2680692587,-0.4854624455858529
z_nb,6.153846153846154e-8,z_pb,1e-8,q_nb,0.014864864864864867,q_pb,0.001,PAV_conc,+P,500000,309087.47154762247,-0.4809837821417279
z_nb,6.153846153846154e-8,z_pb,1e-8,q_nb,0.014864864864864867,q_pb,0.001,PAV_conc,+N+P,500000,307706.2680692587,-0.4854624455858529
z_nb,6.153846153846154e-8,z_pb,1e-8,q_nb,0.04700683008358402,q_pb,0.0031622776601683794,RPV_conc,low,500000,451531.6077418792,-0.1019627219426403
z_nb,6.153846153846154e-8,z_pb,1e-8,q_nb,0.04700683008358402,q_pb,0.0031622776601683794,RPV_conc,+N,500000,615946.3383096423,0.20855174818306105
z_nb,6.153846153846154e-8,z_pb,1e-8,q_nb,0.04700683008358402,q_pb,0.0031622776601683794,RPV_conc,+P,500000,451531.6077418792,-0.1019627219426403
z_nb,6.153846153846154e-8,z_pb,1e-8,q_nb,0.04700683008358402,q_pb,0.0031622776601683794,RPV_conc,+N+P,500000,615946.3383096423,0.20855174818306105
z_nb,6.153846153846154e-8,z_pb,1e-8,q_nb,0.04700683008358402,q_pb,0.0031622776601683794,PAV_conc,low,500000,309087.47154762247,-0.4809837821417279
z_nb,6.153846153846154e-8,z_pb,1e-8,q_nb,0.04700683008358402,q_pb,0.0031622776601683794,PAV_conc,+N,500000,307706.2680692587,-0.4854624455858529
z_nb,6.153846153846154e-8,z_pb,1e-8,q_nb,0.04700683008358402,q_pb,0.0031622776601683794,PAV_conc,+P,500000,309087.47154762247,-0.4809837821417279
z_nb,6.153846153846154e-8,z_pb,1e-8,q_nb,0.04700683008358402,q_pb,0.0031622776601683794,PAV_conc,+N+P,500000,307706.2680692587,-0.4854624455858529
z_nb,6.153846153846154e-8,z_pb,1e-8,q_nb,0.14864864864864866,q_pb,0.01,RPV_conc,low,500000,451531.6077418792,-0.1019627219426403
z_nb,6.153846153846154e-8,z_pb,1e-8,q_nb,0.14864864864864866,q_pb,0.01,RPV_conc,+N,500000,615946.3383096423,0.20855174818306105
z_nb,6.153846153846154e-8,z_pb,1e-8,q_nb,0.14864864864864866,q_pb,0.01,RPV_conc,+P,500000,451531.6077418792,-0.1019627219426403
z_nb,6.153846153846154e-8,z_pb,1e-8,q_nb,0.14864864864864866,q_pb,0.01,RPV_conc,+N+P,500000,615946.3383096423,0.20855174818306105
z_nb,6.153846153846154e-8,z_pb,1e-8,q_nb,0.14864864864864866,q_pb,0.01,PAV_conc,low,500000,309087.47154762247,-0.4809837821417279
z_nb,6.153846153846154e-8,z_pb,1e-8,q_nb,0.14864864864864866,q_pb,0.01,PAV_conc,+N,500000,307706.2680692587,-0.4854624455858529
z_nb,6.153846153846154e-8,z_pb,1e-8,q_nb,0.14864864864864866,q_pb,0.01,PAV_conc,+P,500000,309087.47154762247,-0.4809837821417279
z_nb,6.153846153846154e-8,z_pb,1e-8,q_nb,0.14864864864864866,q_pb,0.01,PAV_conc,+N+P,500000,307706.2680692587,-0.4854624455858529
z_nb,6.153846153846153e-7,z_pb,1e-7,q_nb,1.4864864864864867e-5,q_pb,1e-6,RPV_conc,low,500000,302989.5148993776,-0.5009098978040482
z_nb,6.153846153846153e-7,z_pb,1e-7,q_nb,1.4864864864864867e-5,q_pb,1e-6,RPV_conc,+N,500000,302989.5148993776,-0.5009098978040482
z_nb,6.153846153846153e-7,z_pb,1e-7,q_nb,1.4864864864864867e-5,q_pb,1e-6,RPV_conc,+P,500000,302989.5148993776,-0.5009098978040482
z_nb,6.153846153846153e-7,z_pb,1e-7,q_nb,1.4864864864864867e-5,q_pb,1e-6,RPV_conc,+N+P,500000,302989.5148993776,-0.5009098978040482
z_nb,6.153846153846153e-7,z_pb,1e-7,q_nb,1.4864864864864867e-5,q_pb,1e-6,PAV_conc,low,500000,358405.5400758188,-0.3329429596400533
z_nb,6.153846153846153e-7,z_pb,1e-7,q_nb,1.4864864864864867e-5,q_pb,1e-6,PAV_conc,+N,500000,362486.3042846294,-0.32162140612497386
z_nb,6.153846153846153e-7,z_pb,1e-7,q_nb,1.4864864864864867e-5,q_pb,1e-6,PAV_conc,+P,500000,358405.5400758188,-0.3329429596400533
z_nb,6.153846153846153e-7,z_pb,1e-7,q_nb,1.4864864864864867e-5,q_pb,1e-6,PAV_conc,+N+P,500000,362486.3042846294,-0.32162140612497386
z_nb,6.153846153846153e-7,z_pb,1e-7,q_nb,4.700683008358402e-5,q_pb,3.162277660168379e-6,RPV_conc,low,500000,302990.1912855092,-0.5009076654318261
z_nb,6.153846153846153e-7,z_pb,1e-7,q_nb,4.700683008358402e-5,q_pb,3.162277660168379e-6,RPV_conc,+N,500000,302990.1912855092,-0.5009076654318261
z_nb,6.153846153846153e-7,z_pb,1e-7,q_nb,4.700683008358402e-5,q_pb,3.162277660168379e-6,RPV_conc,+P,500000,302990.1912855092,-0.5009076654318261
z_nb,6.153846153846153e-7,z_pb,1e-7,q_nb,4.700683008358402e-5,q_pb,3.162277660168379e-6,RPV_conc,+N+P,500000,302990.1912855092,-0.5009076654318261
z_nb,6.153846153846153e-7,z_pb,1e-7,q_nb,4.700683008358402e-5,q_pb,3.162277660168379e-6,PAV_conc,low,500000,358359.7754688497,-0.3330706572449423
z_nb,6.153846153846153e-7,z_pb,1e-7,q_nb,4.700683008358402e-5,q_pb,3.162277660168379e-6,PAV_conc,+N,500000,362428.20676596375,-0.32178169404280255
z_nb,6.153846153846153e-7,z_pb,1e-7,q_nb,4.700683008358402e-5,q_pb,3.162277660168379e-6,PAV_conc,+P,500000,358359.7754688497,-0.3330706572449423
z_nb,6.153846153846153e-7,z_pb,1e-7,q_nb,4.700683008358402e-5,q_pb,3.162277660168379e-6,PAV_conc,+N+P,500000,362428.20676596375,-0.32178169404280255
z_nb,6.153846153846153e-7,z_pb,1e-7,q_nb,1.4864864864864869e-4,q_pb,1e-5,RPV_conc,low,500000,302990.42671710893,-0.5009068884049949
z_nb,6.153846153846153e-7,z_pb,1e-7,q_nb,1.4864864864864869e-4,q_pb,1e-5,RPV_conc,+N,500000,302990.42671710893,-0.5009068884049949
z_nb,6.153846153846153e-7,z_pb,1e-7,q_nb,1.4864864864864869e-4,q_pb,1e-5,RPV_conc,+P,500000,302990.42671710893,-0.5009068884049949
z_nb,6.153846153846153e-7,z_pb,1e-7,q_nb,1.4864864864864869e-4,q_pb,1e-5,RPV_conc,+N+P,500000,302990.42671710893,-0.5009068884049949
z_nb,6.153846153846153e-7,z_pb,1e-7,q_nb,1.4864864864864869e-4,q_pb,1e-5,PAV_conc,low,500000,358218.4291607892,-0.3334651607589495
z_nb,6.153846153846153e-7,z_pb,1e-7,q_nb,1.4864864864864869e-4,q_pb,1e-5,PAV_conc,+N,500000,362245.69126531685,-0.32228541165979385
z_nb,6.153846153846153e-7,z_pb,1e-7,q_nb,1.4864864864864869e-4,q_pb,1e-5,PAV_conc,+P,500000,358218.4291607892,-0.3334651607589495
z_nb,6.153846153846153e-7,z_pb,1e-7,q_nb,1.4864864864864869e-4,q_pb,1e-5,PAV_conc,+N+P,500000,362245.69126531685,-0.32228541165979385
z_nb,6.153846153846153e-7,z_pb,1e-7,q_nb,4.7006830083584026e-4,q_pb,3.1622776601683795e-5,RPV_conc,low,500000,302990.2549039249,-0.5009074554632831
z_nb,6.153846153846153e-7,z_pb,1e-7,q_nb,4.7006830083584026e-4,q_pb,3.1622776601683795e-5,RPV_conc,+N,500000,302990.2549039249,-0.5009074554632831
z_nb,6.153846153846153e-7,z_pb,1e-7,q_nb,4.7006830083584026e-4,q_pb,3.1622776601683795e-5,RPV_conc,+P,500000,302990.2549039249,-0.5009074554632831
z_nb,6.153846153846153e-7,z_pb,1e-7,q_nb,4.7006830083584026e-4,q_pb,3.1622776601683795e-5,RPV_conc,+N+P,500000,302990.2549039249,-0.5009074554632831
z_nb,6.153846153846153e-7,z_pb,1e-7,q_nb,4.7006830083584026e-4,q_pb,3.1622776601683795e-5,PAV_conc,low,500000,357746.4983066923,-0.33478346813502424
z_nb,6.153846153846153e-7,z_pb,1e-7,q_nb,4.7006830083584026e-4,q_pb,3.1622776601683795e-5,PAV_conc,+N,500000,361647.50601628434,-0.3239381012759828
z_nb,6.153846153846153e-7,z_pb,1e-7,q_nb,4.7006830083584026e-4,q_pb,3.1622776601683795e-5,PAV_conc,+P,500000,357746.4983066923,-0.33478346813502424
z_nb,6.153846153846153e-7,z_pb,1e-7,q_nb,4.7006830083584026e-4,q_pb,3.1622776601683795e-5,PAV_conc,+N+P,500000,361647.50601628434,-0.3239381012759828
z_nb,6.153846153846153e-7,z_pb,1e-7,q_nb,0.0011,q_pb,7.4e-5,RPV_conc,low,500000,305324.3786596639,-0.4932333503800836
z_nb,6.153846153846153e-7,z_pb,1e-7,q_nb,0.0011,q_pb,7.4e-5,RPV_conc,+N,500000,305244.18509044225,-0.4934960352755856
z_nb,6.153846153846153e-7,z_pb,1e-7,q_nb,0.0011,q_pb,7.4e-5,RPV_conc,+P,500000,305324.3786596639,-0.4932333503800836
z_nb,6.153846153846153e-7,z_pb,1e-7,q_nb,0.0011,q_pb,7.4e-5,RPV_conc,+N+P,500000,367963.0775903385,-0.3066254979218661
z_nb,6.153846153846153e-7,z_pb,1e-7,q_nb,0.0011,q_pb,7.4e-5,PAV_conc,low,500000,356583.52512792096,-0.3380395939260154
z_nb,6.153846153846153e-7,z_pb,1e-7,q_nb,0.0011,q_pb,7.4e-5,PAV_conc,+N,500000,359644.1994638513,-0.3294928905195746
z_nb,6.153846153846153e-7,z_pb,1e-7,q_nb,0.0011,q_pb,7.4e-5,PAV_conc,+P,500000,356583.52512792096,-0.3380395939260154
z_nb,6.153846153846153e-7,z_pb,1e-7,q_nb,0.0011,q_pb,7.4e-5,PAV_conc,+N+P,500000,359644.1994638513,-0.3294928905195746
z_nb,6.153846153846153e-7,z_pb,1e-7,q_nb,0.0014864864864864867,q_pb,1e-4,RPV_conc,low,500000,344345.7025999269,-0.37296199625401544
z_nb,6.153846153846153e-7,z_pb,1e-7,q_nb,0.0014864864864864867,q_pb,1e-4,RPV_conc,+N,500000,368355.77322880493,-0.30555885220103074
z_nb,6.153846153846153e-7,z_pb,1e-7,q_nb,0.0014864864864864867,q_pb,1e-4,RPV_conc,+P,500000,344345.7025999269,-0.37296199625401544
z_nb,6.153846153846153e-7,z_pb,1e-7,q_nb,0.0014864864864864867,q_pb,1e-4,RPV_conc,+N+P,500000,445807.54662628827,-0.11472074933580399
z_nb,6.153846153846153e-7,z_pb,1e-7,q_nb,0.0014864864864864867,q_pb,1e-4,PAV_conc,low,500000,342008.6018251887,-0.37977221014024165
z_nb,6.153846153846153e-7,z_pb,1e-7,q_nb,0.0014864864864864867,q_pb,1e-4,PAV_conc,+N,500000,345079.93329962424,-0.37083201750343414
z_nb,6.153846153846153e-7,z_pb,1e-7,q_nb,0.0014864864864864867,q_pb,1e-4,PAV_conc,+P,500000,342008.6018251887,-0.37977221014024165
z_nb,6.153846153846153e-7,z_pb,1e-7,q_nb,0.0014864864864864867,q_pb,1e-4,PAV_conc,+N+P,500000,345079.93329962424,-0.37083201750343414
z_nb,6.153846153846153e-7,z_pb,1e-7,q_nb,0.004700683008358402,q_pb,3.1622776601683794e-4,RPV_conc,low,500000,424498.62245633954,-0.16369933777301734
z_nb,6.153846153846153e-7,z_pb,1e-7,q_nb,0.004700683008358402,q_pb,3.1622776601683794e-4,RPV_conc,+N,500000,489253.8405394817,-0.021726642326061356
z_nb,6.153846153846153e-7,z_pb,1e-7,q_nb,0.004700683008358402,q_pb,3.1622776601683794e-4,RPV_conc,+P,500000,424498.62245633954,-0.16369933777301734
z_nb,6.153846153846153e-7,z_pb,1e-7,q_nb,0.004700683008358402,q_pb,3.1622776601683794e-4,RPV_conc,+N+P,500000,601667.0930654063,0.18509619237239494
z_nb,6.153846153846153e-7,z_pb,1e-7,q_nb,0.004700683008358402,q_pb,3.1622776601683794e-4,PAV_conc,low,500000,312991.963456777,-0.4684305840686115
z_nb,6.153846153846153e-7,z_pb,1e-7,q_nb,0.004700683008358402,q_pb,3.1622776601683794e-4,PAV_conc,+N,500000,314500.62517582416,-0.46362203444321387
z_nb,6.153846153846153e-7,z_pb,1e-7,q_nb,0.004700683008358402,q_pb,3.1622776601683794e-4,PAV_conc,+P,500000,312991.963456777,-0.4684305840686115
z_nb,6.153846153846153e-7,z_pb,1e-7,q_nb,0.004700683008358402,q_pb,3.1622776601683794e-4,PAV_conc,+N+P,500000,314500.62517582416,-0.46362203444321387
z_nb,6.153846153846153e-7,z_pb,1e-7,q_nb,0.014864864864864867,q_pb,0.001,RPV_conc,low,500000,451531.6077418792,-0.1019627219426403
z_nb,6.153846153846153e-7,z_pb,1e-7,q_nb,0.014864864864864867,q_pb,0.001,RPV_conc,+N,500000,615946.3383096423,0.20855174818306105
z_nb,6.153846153846153e-7,z_pb,1e-7,q_nb,0.014864864864864867,q_pb,0.001,RPV_conc,+P,500000,451531.6077418792,-0.1019627219426403
z_nb,6.153846153846153e-7,z_pb,1e-7,q_nb,0.014864864864864867,q_pb,0.001,RPV_conc,+N+P,500000,615946.3383096423,0.20855174818306105
z_nb,6.153846153846153e-7,z_pb,1e-7,q_nb,0.014864864864864867,q_pb,0.001,PAV_conc,low,500000,309087.47154762247,-0.4809837821417279
z_nb,6.153846153846153e-7,z_pb,1e-7,q_nb,0.014864864864864867,q_pb,0.001,PAV_conc,+N,500000,307706.2680692587,-0.4854624455858529
z_nb,6.153846153846153e-7,z_pb,1e-7,q_nb,0.014864864864864867,q_pb,0.001,PAV_conc,+P,500000,309087.47154762247,-0.4809837821417279
z_nb,6.153846153846153e-7,z_pb,1e-7,q_nb,0.014864864864864867,q_pb,0.001,PAV_conc,+N+P,500000,307706.2680692587,-0.4854624455858529
z_nb,6.153846153846153e-7,z_pb,1e-7,q_nb,0.04700683008358402,q_pb,0.0031622776601683794,RPV_conc,low,500000,451531.6077418792,-0.1019627219426403
z_nb,6.153846153846153e-7,z_pb,1e-7,q_nb,0.04700683008358402,q_pb,0.0031622776601683794,RPV_conc,+N,500000,615946.3383096423,0.20855174818306105
z_nb,6.153846153846153e-7,z_pb,1e-7,q_nb,0.04700683008358402,q_pb,0.0031622776601683794,RPV_conc,+P,500000,451531.6077418792,-0.1019627219426403
z_nb,6.153846153846153e-7,z_pb,1e-7,q_nb,0.04700683008358402,q_pb,0.0031622776601683794,RPV_conc,+N+P,500000,615946.3383096423,0.20855174818306105
z_nb,6.153846153846153e-7,z_pb,1e-7,q_nb,0.04700683008358402,q_pb,0.0031622776601683794,PAV_conc,low,500000,309087.47154762247,-0.4809837821417279
z_nb,6.153846153846153e-7,z_pb,1e-7,q_nb,0.04700683008358402,q_pb,0.0031622776601683794,PAV_conc,+N,500000,307706.2680692587,-0.4854624455858529
z_nb,6.153846153846153e-7,z_pb,1e-7,q_nb,0.04700683008358402,q_pb,0.0031622776601683794,PAV_conc,+P,500000,309087.47154762247,-0.4809837821417279
z_nb,6.153846153846153e-7,z_pb,1e-7,q_nb,0.04700683008358402,q_pb,0.0031622776601683794,PAV_conc,+N+P,500000,307706.2680692587,-0.4854624455858529
z_nb,6.153846153846153e-7,z_pb,1e-7,q_nb,0.14864864864864866,q_pb,0.01,RPV_conc,low,500000,451531.6077418792,-0.1019627219426403
z_nb,6.153846153846153e-7,z_pb,1e-7,q_nb,0.14864864864864866,q_pb,0.01,RPV_conc,+N,500000,615946.3383096423,0.20855174818306105
z_nb,6.153846153846153e-7,z_pb,1e-7,q_nb,0.14864864864864866,q_pb,0.01,RPV_conc,+P,500000,451531.6077418792,-0.1019627219426403
z_nb,6.153846153846153e-7,z_pb,1e-7,q_nb,0.14864864864864866,q_pb,0.01,RPV_conc,+N+P,500000,615946.3383096423,0.20855174818306105
z_nb,6.153846153846153e-7,z_pb,1e-7,q_nb,0.14864864864864866,q_pb,0.01,PAV_conc,low,500000,309087.47154762247,-0.4809837821417279
z_nb,6.153846153846153e-7,z_pb,1e-7,q_nb,0.14864864864864866,q_pb,0.01,PAV_conc,+N,500000,307706.2680692587,-0.4854624455858529
z_nb,6.153846153846153e-7,z_pb,1e-7,q_nb,0.14864864864864866,q_pb,0.01,PAV_conc,+P,500000,309087.47154762247,-0.4809837821417279
z_nb,6.153846153846153e-7,z_pb,1e-7,q_nb,0.14864864864864866,q_pb,0.01,PAV_conc,+N+P,500000,307706.2680692587,-0.4854624455858529
