param_foc1,param_val1,param_foc2,param_val2,time,variable,value,nutrient,variable2,value2,abund_type
z_nc,1.7e-18,z_pc,2.6e-19,23,R_n_low,1.3743431412228682e-7,low,R_n,1.3743431412228682e-7,NA
z_nc,1.7e-18,z_pc,2.6e-19,23,R_p_low,2.5387879818646488e-8,low,R_p,2.5387879818646488e-8,NA
z_nc,1.7e-18,z_pc,2.6e-19,23,Q_n_low,0.004585671895314228,low,Q_n,0.004585671895314228,NA
z_nc,1.7e-18,z_pc,2.6e-19,23,Q_p_low,6.384844566598066e-4,low,Q_p,6.384844566598066e-4,NA
z_nc,1.7e-18,z_pc,2.6e-19,23,H_low,0.13730610446923464,low,H,0.13730610446923464,NA
z_nc,1.7e-18,z_pc,2.6e-19,23,V_b_low,0,low,PAV_conc,0,con
z_nc,1.7e-18,z_pc,2.6e-19,23,V_c_low,9818009.876143022,low,RPV_conc,6.992023508864511,con
z_nc,1.7e-18,z_pc,2.6e-19,23,R_n_n,7.306417008224056e-6,+N,R_n,7.306417008224056e-6,NA
z_nc,1.7e-18,z_pc,2.6e-19,23,R_p_n,2.3039397579073237e-8,+N,R_p,2.3039397579073237e-8,NA
z_nc,1.7e-18,z_pc,2.6e-19,23,Q_n_n,0.012393849651273997,+N,Q_n,0.012393849651273997,NA
z_nc,1.7e-18,z_pc,2.6e-19,23,Q_p_n,5.791153786152747e-4,+N,Q_p,5.791153786152747e-4,NA
z_nc,1.7e-18,z_pc,2.6e-19,23,H_n,0.1513862489677406,+N,H,0.1513862489677406,NA
z_nc,1.7e-18,z_pc,2.6e-19,23,V_b_n,0,+N,PAV_conc,0,con
z_nc,1.7e-18,z_pc,2.6e-19,23,V_c_n,13160866.384375326,+N,RPV_conc,7.119284512973541,con
z_nc,1.7e-18,z_pc,2.6e-19,23,R_n_p,1.3743431412228682e-7,+P,R_n,1.3743431412228682e-7,NA
z_nc,1.7e-18,z_pc,2.6e-19,23,R_p_p,1.3610607259907652e-6,+P,R_p,1.3610607259907652e-6,NA
z_nc,1.7e-18,z_pc,2.6e-19,23,Q_n_p,0.004585671895314228,+P,Q_n,0.004585671895314228,NA
z_nc,1.7e-18,z_pc,2.6e-19,23,Q_p_p,0.001962139551488599,+P,Q_p,0.001962139551488599,NA
z_nc,1.7e-18,z_pc,2.6e-19,23,H_p,0.13730610446923464,+P,H,0.13730610446923464,NA
z_nc,1.7e-18,z_pc,2.6e-19,23,V_b_p,0,+P,PAV_conc,0,con
z_nc,1.7e-18,z_pc,2.6e-19,23,V_c_p,9818009.876143022,+P,RPV_conc,6.992023508864511,con
z_nc,1.7e-18,z_pc,2.6e-19,23,R_n_np,7.165183325693012e-6,+N+P,R_n,7.165183325693012e-6,NA
z_nc,1.7e-18,z_pc,2.6e-19,23,R_p_np,1.2084961974393668e-6,+N+P,R_p,1.2084961974393668e-6,NA
z_nc,1.7e-18,z_pc,2.6e-19,23,Q_n_np,0.012181667413664471,+N+P,Q_n,0.012181667413664471,NA
z_nc,1.7e-18,z_pc,2.6e-19,23,Q_p_np,0.0017500285310742825,+N+P,Q_p,0.0017500285310742825,NA
z_nc,1.7e-18,z_pc,2.6e-19,23,H_np,0.15403466781246103,+N+P,H,0.15403466781246103,NA
z_nc,1.7e-18,z_pc,2.6e-19,23,V_b_np,0,+N+P,PAV_conc,0,con
z_nc,1.7e-18,z_pc,2.6e-19,23,V_c_np,13887813.912852235,+N+P,RPV_conc,7.142633919895883,con
z_nc,1.7e-18,z_pc,2.6e-19,23,VbH_low,0,low,PAV_pop,0,pop
z_nc,1.7e-18,z_pc,2.6e-19,23,VbH_n,0,+N,PAV_pop,0,pop
z_nc,1.7e-18,z_pc,2.6e-19,23,VbH_p,0,+P,PAV_pop,0,pop
z_nc,1.7e-18,z_pc,2.6e-19,23,VbH_np,0,+N+P,PAV_pop,0,pop
z_nc,1.7e-18,z_pc,2.6e-19,23,VcH_low,1348072.689733671,low,RPV_pop,6.129713632681496,pop
z_nc,1.7e-18,z_pc,2.6e-19,23,VcH_n,1992374.1950962113,+N,RPV_pop,6.299371126164191,pop
z_nc,1.7e-18,z_pc,2.6e-19,23,VcH_p,1348072.689733671,+P,RPV_pop,6.129713632681496,pop
z_nc,1.7e-18,z_pc,2.6e-19,23,VcH_np,2139204.8027074686,+N+P,RPV_pop,6.330252567965972,pop
z_nc,6.538461538461539e-18,z_pc,1e-18,23,R_n_low,1.3743431423840358e-7,low,R_n,1.3743431423840358e-7,NA
z_nc,6.538461538461539e-18,z_pc,1e-18,23,R_p_low,2.5387879839821133e-8,low,R_p,2.5387879839821133e-8,NA
z_nc,6.538461538461539e-18,z_pc,1e-18,23,Q_n_low,0.004585671838398241,low,Q_n,0.004585671838398241,NA
z_nc,6.538461538461539e-18,z_pc,1e-18,23,Q_p_low,6.384844478999187e-4,low,Q_p,6.384844478999187e-4,NA
z_nc,6.538461538461539e-18,z_pc,1e-18,23,H_low,0.13730610434859267,low,H,0.13730610434859267,NA
z_nc,6.538461538461539e-18,z_pc,1e-18,23,V_b_low,0,low,PAV_conc,0,con
z_nc,6.538461538461539e-18,z_pc,1e-18,23,V_c_low,9818009.849398881,low,RPV_conc,6.992023507681498,con
z_nc,6.538461538461539e-18,z_pc,1e-18,23,R_n_n,7.306417013584293e-6,+N,R_n,7.306417013584293e-6,NA
z_nc,6.538461538461539e-18,z_pc,1e-18,23,R_p_n,2.3039397593755584e-8,+N,R_p,2.3039397593755584e-8,NA
z_nc,6.538461538461539e-18,z_pc,1e-18,23,Q_n_n,0.012393849579848923,+N,Q_n,0.012393849579848923,NA
z_nc,6.538461538461539e-18,z_pc,1e-18,23,Q_p_n,5.791153668113408e-4,+N,Q_p,5.791153668113408e-4,NA
z_nc,6.538461538461539e-18,z_pc,1e-18,23,H_n,0.15138624886592325,+N,H,0.15138624886592325,NA
z_nc,6.538461538461539e-18,z_pc,1e-18,23,V_b_n,0,+N,PAV_conc,0,con
z_nc,6.538461538461539e-18,z_pc,1e-18,23,V_c_n,13160866.356932314,+N,RPV_conc,7.119284512067951,con
z_nc,6.538461538461539e-18,z_pc,1e-18,23,R_n_p,1.3743431423840358e-7,+P,R_n,1.3743431423840358e-7,NA
z_nc,6.538461538461539e-18,z_pc,1e-18,23,R_p_p,1.361060727172534e-6,+P,R_p,1.361060727172534e-6,NA
z_nc,6.538461538461539e-18,z_pc,1e-18,23,Q_n_p,0.004585671838398241,+P,Q_n,0.004585671838398241,NA
z_nc,6.538461538461539e-18,z_pc,1e-18,23,Q_p_p,0.0019621395438831723,+P,Q_p,0.0019621395438831723,NA
z_nc,6.538461538461539e-18,z_pc,1e-18,23,H_p,0.13730610434859267,+P,H,0.13730610434859267,NA
z_nc,6.538461538461539e-18,z_pc,1e-18,23,V_b_p,0,+P,PAV_conc,0,con
z_nc,6.538461538461539e-18,z_pc,1e-18,23,V_c_p,9818009.849398881,+P,RPV_conc,6.992023507681498,con
z_nc,6.538461538461539e-18,z_pc,1e-18,23,R_n_np,7.165183327077299e-6,+N+P,R_n,7.165183327077299e-6,NA
z_nc,6.538461538461539e-18,z_pc,1e-18,23,R_p_np,1.2084961976501501e-6,+N+P,R_p,1.2084961976501501e-6,NA
z_nc,6.538461538461539e-18,z_pc,1e-18,23,Q_n_np,0.012181667332198451,+N+P,Q_n,0.012181667332198451,NA
z_nc,6.538461538461539e-18,z_pc,1e-18,23,Q_p_np,0.0017500285185947733,+N+P,Q_p,0.0017500285185947733,NA
z_nc,6.538461538461539e-18,z_pc,1e-18,23,H_np,0.15403466778538005,+N+P,H,0.15403466778538005,NA
z_nc,6.538461538461539e-18,z_pc,1e-18,23,V_b_np,0,+N+P,PAV_conc,0,con
z_nc,6.538461538461539e-18,z_pc,1e-18,23,V_c_np,13887813.905279974,+N+P,RPV_conc,7.142633919659086,con
z_nc,6.538461538461539e-18,z_pc,1e-18,23,VbH_low,0,low,PAV_pop,0,pop
z_nc,6.538461538461539e-18,z_pc,1e-18,23,VbH_n,0,+N,PAV_pop,0,pop
z_nc,6.538461538461539e-18,z_pc,1e-18,23,VbH_p,0,+P,PAV_pop,0,pop
z_nc,6.538461538461539e-18,z_pc,1e-18,23,VbH_np,0,+N+P,PAV_pop,0,pop
z_nc,6.538461538461539e-18,z_pc,1e-18,23,VcH_low,1348072.6848770734,low,RPV_pop,6.129713631116898,pop
z_nc,6.538461538461539e-18,z_pc,1e-18,23,VcH_n,1992374.189601712,+N,RPV_pop,6.29937112496651,pop
z_nc,6.538461538461539e-18,z_pc,1e-18,23,VcH_p,1348072.6848770734,+P,RPV_pop,6.129713631116898,pop
z_nc,6.538461538461539e-18,z_pc,1e-18,23,VcH_np,2139204.8011649824,+N+P,RPV_pop,6.330252567652821,pop
z_nc,6.538461538461539e-17,z_pc,1e-17,23,R_n_low,1.3743431565054898e-7,low,R_n,1.3743431565054898e-7,NA
z_nc,6.538461538461539e-17,z_pc,1e-17,23,R_p_low,2.5387880097332894e-8,low,R_p,2.5387880097332894e-8,NA
z_nc,6.538461538461539e-17,z_pc,1e-17,23,Q_n_low,0.004585671146187412,low,Q_n,0.004585671146187412,NA
z_nc,6.538461538461539e-17,z_pc,1e-17,23,Q_p_low,6.384843413603302e-4,low,Q_p,6.384843413603302e-4,NA
z_nc,6.538461538461539e-17,z_pc,1e-17,23,H_low,0.13730610288142195,low,H,0.13730610288142195,NA
z_nc,6.538461538461539e-17,z_pc,1e-17,23,V_b_low,0,low,PAV_conc,0,con
z_nc,6.538461538461539e-17,z_pc,1e-17,23,V_c_low,9818009.52418071,low,RPV_conc,6.992023493295645,con
z_nc,6.538461538461539e-17,z_pc,1e-17,23,R_n_n,7.306417078754924e-6,+N,R_n,7.306417078754924e-6,NA
z_nc,6.538461538461539e-17,z_pc,1e-17,23,R_p_n,2.303939777225371e-8,+N,R_p,2.303939777225371e-8,NA
z_nc,6.538461538461539e-17,z_pc,1e-17,23,Q_n_n,0.012393848711127106,+N,Q_n,0.012393848711127106,NA
z_nc,6.538461538461539e-17,z_pc,1e-17,23,Q_p_n,5.791152232483132e-4,+N,Q_p,5.791152232483132e-4,NA
z_nc,6.538461538461539e-17,z_pc,1e-17,23,H_n,0.1513862476280618,+N,H,0.1513862476280618,NA
z_nc,6.538461538461539e-17,z_pc,1e-17,23,V_b_n,0,+N,PAV_conc,0,con
z_nc,6.538461538461539e-17,z_pc,1e-17,23,V_c_n,13160866.023329118,+N,RPV_conc,7.119284501059404,con
z_nc,6.538461538461539e-17,z_pc,1e-17,23,R_n_p,1.3743431565054898e-7,+P,R_n,1.3743431565054898e-7,NA
z_nc,6.538461538461539e-17,z_pc,1e-17,23,R_p_p,1.3610607415443923e-6,+P,R_p,1.3610607415443923e-6,NA
z_nc,6.538461538461539e-17,z_pc,1e-17,23,Q_n_p,0.004585671146187412,+P,Q_n,0.004585671146187412,NA
z_nc,6.538461538461539e-17,z_pc,1e-17,23,Q_p_p,0.0019621394513849194,+P,Q_p,0.0019621394513849194,NA
z_nc,6.538461538461539e-17,z_pc,1e-17,23,H_p,0.13730610288142195,+P,H,0.13730610288142195,NA
z_nc,6.538461538461539e-17,z_pc,1e-17,23,V_b_p,0,+P,PAV_conc,0,con
z_nc,6.538461538461539e-17,z_pc,1e-17,23,V_c_p,9818009.52418071,+P,RPV_conc,6.992023493295645,con
z_nc,6.538461538461539e-17,z_pc,1e-17,23,R_n_np,7.165183343916288e-6,+N+P,R_n,7.165183343916288e-6,NA
z_nc,6.538461538461539e-17,z_pc,1e-17,23,R_p_np,1.208496200213354e-6,+N+P,R_p,1.208496200213354e-6,NA
z_nc,6.538461538461539e-17,z_pc,1e-17,23,Q_n_np,0.012181666341390802,+N+P,Q_n,0.012181666341390802,NA
z_nc,6.538461538461539e-17,z_pc,1e-17,23,Q_p_np,0.001750028366817875,+N+P,Q_p,0.001750028366817875,NA
z_nc,6.538461538461539e-17,z_pc,1e-17,23,H_np,0.15403466745606406,+N+P,H,0.15403466745606406,NA
z_nc,6.538461538461539e-17,z_pc,1e-17,23,V_b_np,0,+N+P,PAV_conc,0,con
z_nc,6.538461538461539e-17,z_pc,1e-17,23,V_c_np,13887813.813239355,+N+P,RPV_conc,7.142633916780826,con
z_nc,6.538461538461539e-17,z_pc,1e-17,23,VbH_low,0,low,PAV_pop,0,pop
z_nc,6.538461538461539e-17,z_pc,1e-17,23,VbH_n,0,+N,PAV_pop,0,pop
z_nc,6.538461538461539e-17,z_pc,1e-17,23,VbH_p,0,+P,PAV_pop,0,pop
z_nc,6.538461538461539e-17,z_pc,1e-17,23,VbH_np,0,+N+P,PAV_pop,0,pop
z_nc,6.538461538461539e-17,z_pc,1e-17,23,VcH_low,1348072.625817937,low,RPV_pop,6.129713612090447,pop
z_nc,6.538461538461539e-17,z_pc,1e-17,23,VcH_n,1992374.1228074469,+N,RPV_pop,6.2993711104068115,pop
z_nc,6.538461538461539e-17,z_pc,1e-17,23,VcH_p,1348072.625817937,+P,RPV_pop,6.129713612090447,pop
z_nc,6.538461538461539e-17,z_pc,1e-17,23,VcH_np,2139204.782414057,+N+P,RPV_pop,6.330252563846071,pop
z_nc,6.538461538461538e-16,z_pc,1e-16,23,R_n_low,1.3743432977207412e-7,low,R_n,1.3743432977207412e-7,NA
z_nc,6.538461538461538e-16,z_pc,1e-16,23,R_p_low,2.538788267246479e-8,low,R_p,2.538788267246479e-8,NA
z_nc,6.538461538461538e-16,z_pc,1e-16,23,Q_n_low,0.004585664224074543,low,Q_n,0.004585664224074543,NA
z_nc,6.538461538461538e-16,z_pc,1e-16,23,Q_p_low,6.384832759651394e-4,low,Q_p,6.384832759651394e-4,NA
z_nc,6.538461538461538e-16,z_pc,1e-16,23,H_low,0.1373060882096374,low,H,0.1373060882096374,NA
z_nc,6.538461538461538e-16,z_pc,1e-16,23,V_b_low,0,low,PAV_conc,0,con
z_nc,6.538461538461538e-16,z_pc,1e-16,23,V_c_low,9818006.271963911,low,RPV_conc,6.992023349435538,con
z_nc,6.538461538461538e-16,z_pc,1e-16,23,R_n_n,7.306417730476746e-6,+N,R_n,7.306417730476746e-6,NA
z_nc,6.538461538461538e-16,z_pc,1e-16,23,R_p_n,2.303939955728585e-8,+N,R_p,2.303939955728585e-8,NA
z_nc,6.538461538461538e-16,z_pc,1e-16,23,Q_n_n,0.012393840023938969,+N,Q_n,0.012393840023938969,NA
z_nc,6.538461538461538e-16,z_pc,1e-16,23,Q_p_n,5.791137876196044e-4,+N,Q_p,5.791137876196044e-4,NA
z_nc,6.538461538461538e-16,z_pc,1e-16,23,H_n,0.15138623524911823,+N,H,0.15138623524911823,NA
z_nc,6.538461538461538e-16,z_pc,1e-16,23,V_b_n,0,+N,PAV_conc,0,con
z_nc,6.538461538461538e-16,z_pc,1e-16,23,V_c_n,13160862.687181469,+N,RPV_conc,7.119284390970099,con
z_nc,6.538461538461538e-16,z_pc,1e-16,23,R_n_p,1.3743432977207412e-7,+P,R_n,1.3743432977207412e-7,NA
z_nc,6.538461538461538e-16,z_pc,1e-16,23,R_p_p,1.361060885263786e-6,+P,R_p,1.361060885263786e-6,NA
z_nc,6.538461538461538e-16,z_pc,1e-16,23,Q_n_p,0.004585664224074543,+P,Q_n,0.004585664224074543,NA
z_nc,6.538461538461538e-16,z_pc,1e-16,23,Q_p_p,0.0019621385264027833,+P,Q_p,0.0019621385264027833,NA
z_nc,6.538461538461538e-16,z_pc,1e-16,23,H_p,0.1373060882096374,+P,H,0.1373060882096374,NA
z_nc,6.538461538461538e-16,z_pc,1e-16,23,V_b_p,0,+P,PAV_conc,0,con
z_nc,6.538461538461538e-16,z_pc,1e-16,23,V_c_p,9818006.271963911,+P,RPV_conc,6.992023349435538,con
z_nc,6.538461538461538e-16,z_pc,1e-16,23,R_n_np,7.165183512304183e-6,+N+P,R_n,7.165183512304183e-6,NA
z_nc,6.538461538461538e-16,z_pc,1e-16,23,R_p_np,1.2084962258456674e-6,+N+P,R_p,1.2084962258456674e-6,NA
z_nc,6.538461538461538e-16,z_pc,1e-16,23,Q_n_np,0.012181656433318254,+N+P,Q_n,0.012181656433318254,NA
z_nc,6.538461538461538e-16,z_pc,1e-16,23,Q_p_np,0.0017500268490483783,+N+P,Q_p,0.0017500268490483783,NA
z_nc,6.538461538461538e-16,z_pc,1e-16,23,H_np,0.1540346641628696,+N+P,H,0.1540346641628696,NA
z_nc,6.538461538461538e-16,z_pc,1e-16,23,V_b_np,0,+N+P,PAV_conc,0,con
z_nc,6.538461538461538e-16,z_pc,1e-16,23,V_c_np,13887812.892795729,+N+P,RPV_conc,7.142633887997062,con
z_nc,6.538461538461538e-16,z_pc,1e-16,23,VbH_low,0,low,PAV_pop,0,pop
z_nc,6.538461538461538e-16,z_pc,1e-16,23,VbH_n,0,+N,PAV_pop,0,pop
z_nc,6.538461538461538e-16,z_pc,1e-16,23,VbH_p,0,+P,PAV_pop,0,pop
z_nc,6.538461538461538e-16,z_pc,1e-16,23,VbH_np,0,+N+P,PAV_pop,0,pop
z_nc,6.538461538461538e-16,z_pc,1e-16,23,VcH_low,1348072.03522105,low,RPV_pop,6.129713421824115,pop
z_nc,6.538461538461538e-16,z_pc,1e-16,23,VcH_n,1992373.4548429963,+N,RPV_pop,6.299370964805052,pop
z_nc,6.538461538461538e-16,z_pc,1e-16,23,VcH_p,1348072.03522105,+P,RPV_pop,6.129713421824115,pop
z_nc,6.538461538461538e-16,z_pc,1e-16,23,VcH_np,2139204.5948985606,+N+P,RPV_pop,6.3302525257772935,pop
z_nc,6.538461538461539e-15,z_pc,1e-15,23,R_n_low,1.3743447098841854e-7,low,R_n,1.3743447098841854e-7,NA
z_nc,6.538461538461539e-15,z_pc,1e-15,23,R_p_low,2.5387908423979936e-8,low,R_p,2.5387908423979936e-8,NA
z_nc,6.538461538461539e-15,z_pc,1e-15,23,Q_n_low,0.004585595003220103,low,Q_n,0.004585595003220103,NA
z_nc,6.538461538461539e-15,z_pc,1e-15,23,Q_p_low,6.384726220534393e-4,low,Q_p,6.384726220534393e-4,NA
z_nc,6.538461538461539e-15,z_pc,1e-15,23,H_low,0.13730594149078384,low,H,0.13730594149078384,NA
z_nc,6.538461538461539e-15,z_pc,1e-15,23,V_b_low,0,low,PAV_conc,0,con
z_nc,6.538461538461539e-15,z_pc,1e-15,23,V_c_low,9817973.74962772,low,RPV_conc,6.992021910824408,con
z_nc,6.538461538461539e-15,z_pc,1e-15,23,R_n_n,7.3064242477753795e-6,+N,R_n,7.3064242477753795e-6,NA
z_nc,6.538461538461539e-15,z_pc,1e-15,23,R_p_n,2.3039417407818987e-8,+N,R_p,2.3039417407818987e-8,NA
z_nc,6.538461538461539e-15,z_pc,1e-15,23,Q_n_n,0.012393753152415813,+N,Q_n,0.012393753152415813,NA
z_nc,6.538461538461539e-15,z_pc,1e-15,23,Q_p_n,5.790994313738055e-4,+N,Q_p,5.790994313738055e-4,NA
z_nc,6.538461538461539e-15,z_pc,1e-15,23,H_n,0.15138611145821695,+N,H,0.15138611145821695,NA
z_nc,6.538461538461539e-15,z_pc,1e-15,23,V_b_n,0,+N,PAV_conc,0,con
z_nc,6.538461538461539e-15,z_pc,1e-15,23,V_c_n,13160829.325364128,+N,RPV_conc,7.1192832900642715,con
z_nc,6.538461538461539e-15,z_pc,1e-15,23,R_n_p,1.3743447098841854e-7,+P,R_n,1.3743447098841854e-7,NA
z_nc,6.538461538461539e-15,z_pc,1e-15,23,R_p_p,1.3610623224686793e-6,+P,R_p,1.3610623224686793e-6,NA
z_nc,6.538461538461539e-15,z_pc,1e-15,23,Q_n_p,0.004585595003220103,+P,Q_n,0.004585595003220103,NA
z_nc,6.538461538461539e-15,z_pc,1e-15,23,Q_p_p,0.0019621292766337927,+P,Q_p,0.0019621292766337927,NA
z_nc,6.538461538461539e-15,z_pc,1e-15,23,H_p,0.13730594149078384,+P,H,0.13730594149078384,NA
z_nc,6.538461538461539e-15,z_pc,1e-15,23,V_b_p,0,+P,PAV_conc,0,con
z_nc,6.538461538461539e-15,z_pc,1e-15,23,V_c_p,9817973.74962772,+P,RPV_conc,6.992021910824408,con
z_nc,6.538461538461539e-15,z_pc,1e-15,23,R_n_np,7.165185196192419e-6,+N+P,R_n,7.165185196192419e-6,NA
z_nc,6.538461538461539e-15,z_pc,1e-15,23,R_p_np,1.208496482169727e-6,+N+P,R_p,1.208496482169727e-6,NA
z_nc,6.538461538461539e-15,z_pc,1e-15,23,Q_n_np,0.012181557352666498,+N+P,Q_n,0.012181557352666498,NA
z_nc,6.538461538461539e-15,z_pc,1e-15,23,Q_p_np,0.0017500116713655147,+N+P,Q_p,0.0017500116713655147,NA
z_nc,6.538461538461539e-15,z_pc,1e-15,23,H_np,0.1540346312308054,+N+P,H,0.1540346312308054,NA
z_nc,6.538461538461539e-15,z_pc,1e-15,23,V_b_np,0,+N+P,PAV_conc,0,con
z_nc,6.538461538461539e-15,z_pc,1e-15,23,V_c_np,13887803.68835217,+N+P,RPV_conc,7.142633600159076,con
z_nc,6.538461538461539e-15,z_pc,1e-15,23,VbH_low,0,low,PAV_pop,0,pop
z_nc,6.538461538461539e-15,z_pc,1e-15,23,VbH_n,0,+N,PAV_pop,0,pop
z_nc,6.538461538461539e-15,z_pc,1e-15,23,VbH_p,0,+P,PAV_pop,0,pop
z_nc,6.538461538461539e-15,z_pc,1e-15,23,VbH_np,0,+N+P,PAV_pop,0,pop
z_nc,6.538461538461539e-15,z_pc,1e-15,23,VcH_low,1348066.1292244354,low,RPV_pop,6.129711519147263,pop
z_nc,6.538461538461539e-15,z_pc,1e-15,23,VcH_n,1992366.775132144,+N,RPV_pop,6.299369508770309,pop
z_nc,6.538461538461539e-15,z_pc,1e-15,23,VcH_p,1348066.1292244354,+P,RPV_pop,6.129711519147263,pop
z_nc,6.538461538461539e-15,z_pc,1e-15,23,VcH_np,2139202.7197411456,+N+P,RPV_pop,6.330252145088837,pop
z_nc,6.538461538461539e-14,z_pc,1e-14,23,R_n_low,1.3743588326647705e-7,low,R_n,1.3743588326647705e-7,NA
z_nc,6.538461538461539e-14,z_pc,1e-14,23,R_p_low,2.5388165959822695e-8,low,R_p,2.5388165959822695e-8,NA
z_nc,6.538461538461539e-14,z_pc,1e-14,23,Q_n_low,0.004584902821484188,low,Q_n,0.004584902821484188,NA
z_nc,6.538461538461539e-14,z_pc,1e-14,23,Q_p_low,6.383660869822975e-4,low,Q_p,6.383660869822975e-4,NA
z_nc,6.538461538461539e-14,z_pc,1e-14,23,H_low,0.137304474195643,low,H,0.137304474195643,NA
z_nc,6.538461538461539e-14,z_pc,1e-14,23,V_b_low,0,low,PAV_conc,0,con
z_nc,6.538461538461539e-14,z_pc,1e-14,23,V_c_low,9817648.506618109,low,RPV_conc,6.9920075235818615,con
z_nc,6.538461538461539e-14,z_pc,1e-14,23,R_n_n,7.306489430048908e-6,+N,R_n,7.306489430048908e-6,NA
z_nc,6.538461538461539e-14,z_pc,1e-14,23,R_p_n,2.303959593845048e-8,+N,R_p,2.303959593845048e-8,NA
z_nc,6.538461538461539e-14,z_pc,1e-14,23,Q_n_n,0.01239288447524928,+N,Q_n,0.01239288447524928,NA
z_nc,6.538461538461539e-14,z_pc,1e-14,23,Q_p_n,5.789558731436132e-4,+N,Q_p,5.789558731436132e-4,NA
z_nc,6.538461538461539e-14,z_pc,1e-14,23,H_n,0.1513848733759467,+N,H,0.1513848733759467,NA
z_nc,6.538461538461539e-14,z_pc,1e-14,23,V_b_n,0,+N,PAV_conc,0,con
z_nc,6.538461538461539e-14,z_pc,1e-14,23,V_c_n,13160495.66360262,+N,RPV_conc,7.119272279414092,con
z_nc,6.538461538461539e-14,z_pc,1e-14,23,R_n_p,1.3743588326647705e-7,+P,R_n,1.3743588326647705e-7,NA
z_nc,6.538461538461539e-14,z_pc,1e-14,23,R_p_p,1.3610766956739232e-6,+P,R_p,1.3610766956739232e-6,NA
z_nc,6.538461538461539e-14,z_pc,1e-14,23,Q_n_p,0.004584902821484188,+P,Q_n,0.004584902821484188,NA
z_nc,6.538461538461539e-14,z_pc,1e-14,23,Q_p_p,0.0019620367841724673,+P,Q_p,0.0019620367841724673,NA
z_nc,6.538461538461539e-14,z_pc,1e-14,23,H_p,0.137304474195643,+P,H,0.137304474195643,NA
z_nc,6.538461538461539e-14,z_pc,1e-14,23,V_b_p,0,+P,PAV_conc,0,con
z_nc,6.538461538461539e-14,z_pc,1e-14,23,V_c_p,9817648.506618109,+P,RPV_conc,6.9920075235818615,con
z_nc,6.538461538461539e-14,z_pc,1e-14,23,R_n_np,7.165202035820925e-6,+N+P,R_n,7.165202035820925e-6,NA
z_nc,6.538461538461539e-14,z_pc,1e-14,23,R_p_np,1.208499045524109e-6,+N+P,R_p,1.208499045524109e-6,NA
z_nc,6.538461538461539e-14,z_pc,1e-14,23,Q_n_np,0.01218056655379671,+N+P,Q_n,0.01218056655379671,NA
z_nc,6.538461538461539e-14,z_pc,1e-14,23,Q_p_np,0.0017498598956933553,+N+P,Q_p,0.0017498598956933553,NA
z_nc,6.538461538461539e-14,z_pc,1e-14,23,H_np,0.15403430189554634,+N+P,H,0.15403430189554634,NA
z_nc,6.538461538461539e-14,z_pc,1e-14,23,V_b_np,0,+N+P,PAV_conc,0,con
z_nc,6.538461538461539e-14,z_pc,1e-14,23,V_c_np,13887711.640008511,+N+P,RPV_conc,7.142630721646518,con
z_nc,6.538461538461539e-14,z_pc,1e-14,23,VbH_low,0,low,PAV_pop,0,pop
z_nc,6.538461538461539e-14,z_pc,1e-14,23,VbH_n,0,+N,PAV_pop,0,pop
z_nc,6.538461538461539e-14,z_pc,1e-14,23,VbH_p,0,+P,PAV_pop,0,pop
z_nc,6.538461538461539e-14,z_pc,1e-14,23,VbH_np,0,+N+P,PAV_pop,0,pop
z_nc,6.538461538461539e-14,z_pc,1e-14,23,VcH_low,1348007.0660388393,low,RPV_pop,6.129692490883039,pop
z_nc,6.538461538461539e-14,z_pc,1e-14,23,VcH_n,1992299.9695991783,+N,RPV_pop,6.299354946317975,pop
z_nc,6.538461538461539e-14,z_pc,1e-14,23,VcH_p,1348007.0660388393,+P,RPV_pop,6.129692490883039,pop
z_nc,6.538461538461539e-14,z_pc,1e-14,23,VcH_np,2139183.967395364,+N+P,RPV_pop,6.330248338029268,pop
z_nc,6.538461538461539e-13,z_pc,1e-13,23,R_n_low,1.3745001750633196e-7,low,R_n,1.3745001750633196e-7,NA
z_nc,6.538461538461539e-13,z_pc,1e-13,23,R_p_low,2.539074338675625e-8,low,R_p,2.539074338675625e-8,NA
z_nc,6.538461538461539e-13,z_pc,1e-13,23,Q_n_low,0.004577983687900647,low,Q_n,0.004577983687900647,NA
z_nc,6.538461538461539e-13,z_pc,1e-13,23,Q_p_low,6.37301141053493e-4,low,Q_p,6.37301141053493e-4,NA
z_nc,6.538461538461539e-13,z_pc,1e-13,23,H_low,0.13728979058836954,low,H,0.13728979058836954,NA
z_nc,6.538461538461539e-13,z_pc,1e-13,23,V_b_low,0,low,PAV_conc,0,con
z_nc,6.538461538461539e-13,z_pc,1e-13,23,V_c_low,9814394.116584482,low,RPV_conc,6.9918635382075776,con
z_nc,6.538461538461539e-13,z_pc,1e-13,23,R_n_n,7.3071421803834315e-6,+N,R_n,7.3071421803834315e-6,NA
z_nc,6.538461538461539e-13,z_pc,1e-13,23,R_p_n,2.304138377017692e-8,+N,R_p,2.304138377017692e-8,NA
z_nc,6.538461538461539e-13,z_pc,1e-13,23,Q_n_n,0.012384201510834214,+N,Q_n,0.012384201510834214,NA
z_nc,6.538461538461539e-13,z_pc,1e-13,23,Q_p_n,5.775207139774588e-4,+N,Q_p,5.775207139774588e-4,NA
z_nc,6.538461538461539e-13,z_pc,1e-13,23,H_n,0.15137247525575026,+N,H,0.15137247525575026,NA
z_nc,6.538461538461539e-13,z_pc,1e-13,23,V_b_n,0,+N,PAV_conc,0,con
z_nc,6.538461538461539e-13,z_pc,1e-13,23,V_c_n,13157154.700447481,+N,RPV_conc,7.119162014117611,con
z_nc,6.538461538461539e-13,z_pc,1e-13,23,R_n_p,1.3745001750633196e-7,+P,R_n,1.3745001750633196e-7,NA
z_nc,6.538461538461539e-13,z_pc,1e-13,23,R_p_p,1.3612205433223507e-6,+P,R_p,1.3612205433223507e-6,NA
z_nc,6.538461538461539e-13,z_pc,1e-13,23,Q_n_p,0.004577983687900647,+P,Q_n,0.004577983687900647,NA
z_nc,6.538461538461539e-13,z_pc,1e-13,23,Q_p_p,0.001961112382777881,+P,Q_p,0.001961112382777881,NA
z_nc,6.538461538461539e-13,z_pc,1e-13,23,H_p,0.13728979058836954,+P,H,0.13728979058836954,NA
z_nc,6.538461538461539e-13,z_pc,1e-13,23,V_b_p,0,+P,PAV_conc,0,con
z_nc,6.538461538461539e-13,z_pc,1e-13,23,V_c_p,9814394.116584482,+P,RPV_conc,6.9918635382075776,con
z_nc,6.538461538461539e-13,z_pc,1e-13,23,R_n_np,7.165370507142297e-6,+N+P,R_n,7.165370507142297e-6,NA
z_nc,6.538461538461539e-13,z_pc,1e-13,23,R_p_np,1.208524690408461e-6,+N+P,R_p,1.208524690408461e-6,NA
z_nc,6.538461538461539e-13,z_pc,1e-13,23,Q_n_np,0.012170659329644581,+N+P,Q_n,0.012170659329644581,NA
z_nc,6.538461538461539e-13,z_pc,1e-13,23,Q_p_np,0.0017483422547813733,+N+P,Q_p,0.0017483422547813733,NA
z_nc,6.538461538461539e-13,z_pc,1e-13,23,H_np,0.1540310070858629,+N+P,H,0.1540310070858629,NA
z_nc,6.538461538461539e-13,z_pc,1e-13,23,V_b_np,0,+N+P,PAV_conc,0,con
z_nc,6.538461538461539e-13,z_pc,1e-13,23,V_c_np,13886790.772185408,+N+P,RPV_conc,7.142601923450276,con
z_nc,6.538461538461539e-13,z_pc,1e-13,23,VbH_low,0,low,PAV_pop,0,pop
z_nc,6.538461538461539e-13,z_pc,1e-13,23,VbH_n,0,+N,PAV_pop,0,pop
z_nc,6.538461538461539e-13,z_pc,1e-13,23,VbH_p,0,+P,PAV_pop,0,pop
z_nc,6.538461538461539e-13,z_pc,1e-13,23,VbH_np,0,+N+P,PAV_pop,0,pop
z_nc,6.538461538461539e-13,z_pc,1e-13,23,VcH_low,1347416.1130176096,low,RPV_pop,6.129502058855995,pop
z_nc,6.538461538461539e-13,z_pc,1e-13,23,VcH_n,1991631.0743295646,+N,RPV_pop,6.2992091117750295,pop
z_nc,6.538461538461539e-13,z_pc,1e-13,23,VcH_p,1347416.1130176096,+P,RPV_pop,6.129502058855995,pop
z_nc,6.538461538461539e-13,z_pc,1e-13,23,VcH_np,2138996.367830386,+N+P,RPV_pop,6.330210250145421,pop
z_nc,6.5384615384615386e-12,z_pc,1e-12,23,R_n_low,1.3759251482275523e-7,low,R_n,1.3759251482275523e-7,NA
z_nc,6.5384615384615386e-12,z_pc,1e-12,23,R_p_low,2.5416726114526564e-8,low,R_p,2.5416726114526564e-8,NA
z_nc,6.5384615384615386e-12,z_pc,1e-12,23,Q_n_low,0.004509062380783742,low,Q_n,0.004509062380783742,NA
z_nc,6.5384615384615386e-12,z_pc,1e-12,23,Q_p_low,6.266924085205934e-4,low,Q_p,6.266924085205934e-4,NA
z_nc,6.5384615384615386e-12,z_pc,1e-12,23,H_low,0.1371418815956056,low,H,0.1371418815956056,NA
z_nc,6.5384615384615386e-12,z_pc,1e-12,23,V_b_low,0,low,PAV_conc,0,con
z_nc,6.5384615384615386e-12,z_pc,1e-12,23,V_c_low,9781653.166257612,low,RPV_conc,6.990412304126132,con
z_nc,6.5384615384615386e-12,z_pc,1e-12,23,R_n_n,7.3137639445637934e-6,+N,R_n,7.3137639445637934e-6,NA
z_nc,6.5384615384615386e-12,z_pc,1e-12,23,R_p_n,2.3059518702679555e-8,+N,R_p,2.3059518702679555e-8,NA
z_nc,6.5384615384615386e-12,z_pc,1e-12,23,Q_n_n,0.01229775807759221,+N,Q_n,0.01229775807759221,NA
z_nc,6.5384615384615386e-12,z_pc,1e-12,23,Q_p_n,5.632120053780548e-4,+N,Q_p,5.632120053780548e-4,NA
z_nc,6.5384615384615386e-12,z_pc,1e-12,23,H_n,0.1512467364460857,+N,H,0.1512467364460857,NA
z_nc,6.5384615384615386e-12,z_pc,1e-12,23,V_b_n,0,+N,PAV_conc,0,con
z_nc,6.5384615384615386e-12,z_pc,1e-12,23,V_c_n,13123303.89490952,+N,RPV_conc,7.118043218948094,con
z_nc,6.5384615384615386e-12,z_pc,1e-12,23,R_n_p,1.3759251482275523e-7,+P,R_n,1.3759251482275523e-7,NA
z_nc,6.5384615384615386e-12,z_pc,1e-12,23,R_p_p,1.3626706694024458e-6,+P,R_p,1.3626706694024458e-6,NA
z_nc,6.5384615384615386e-12,z_pc,1e-12,23,Q_n_p,0.004509062380783742,+P,Q_n,0.004509062380783742,NA
z_nc,6.5384615384615386e-12,z_pc,1e-12,23,Q_p_p,0.0019519210352740518,+P,Q_p,0.0019519210352740518,NA
z_nc,6.5384615384615386e-12,z_pc,1e-12,23,H_p,0.1371418815956056,+P,H,0.1371418815956056,NA
z_nc,6.5384615384615386e-12,z_pc,1e-12,23,V_b_p,0,+P,PAV_conc,0,con
z_nc,6.5384615384615386e-12,z_pc,1e-12,23,V_c_p,9781653.166257612,+P,RPV_conc,6.990412304126132,con
z_nc,6.5384615384615386e-12,z_pc,1e-12,23,R_n_np,7.1670627630036635e-6,+N+P,R_n,7.1670627630036635e-6,NA
z_nc,6.5384615384615386e-12,z_pc,1e-12,23,R_p_np,1.2087822794114191e-6,+N+P,R_p,1.2087822794114191e-6,NA
z_nc,6.5384615384615386e-12,z_pc,1e-12,23,Q_n_np,0.012071663871096133,+N+P,Q_n,0.012071663871096133,NA
z_nc,6.5384615384615386e-12,z_pc,1e-12,23,Q_p_np,0.0017331774757561112,+N+P,Q_p,0.0017331774757561112,NA
z_nc,6.5384615384615386e-12,z_pc,1e-12,23,H_np,0.15399791248466463,+N+P,H,0.15399791248466463,NA
z_nc,6.5384615384615386e-12,z_pc,1e-12,23,V_b_np,0,+N+P,PAV_conc,0,con
z_nc,6.5384615384615386e-12,z_pc,1e-12,23,V_c_np,13877543.441547815,+N+P,RPV_conc,7.1423126267938875,con
z_nc,6.5384615384615386e-12,z_pc,1e-12,23,VbH_low,0,low,PAV_pop,0,pop
z_nc,6.5384615384615386e-12,z_pc,1e-12,23,VbH_n,0,+N,PAV_pop,0,pop
z_nc,6.5384615384615386e-12,z_pc,1e-12,23,VbH_p,0,+P,PAV_pop,0,pop
z_nc,6.5384615384615386e-12,z_pc,1e-12,23,VbH_np,0,+N+P,PAV_pop,0,pop
z_nc,6.5384615384615386e-12,z_pc,1e-12,23,VcH_low,1341474.3203361821,low,RPV_pop,6.127582687190287,pop
z_nc,6.5384615384615386e-12,z_pc,1e-12,23,VcH_n,1984856.88549527,+N,RPV_pop,6.297729417016167,pop
z_nc,6.5384615384615386e-12,z_pc,1e-12,23,VcH_p,1341474.3203361821,+P,RPV_pop,6.127582687190287,pop
z_nc,6.5384615384615386e-12,z_pc,1e-12,23,VcH_np,2137112.7204136117,+N+P,RPV_pop,6.329827632521609,pop
z_nc,6.538461538461538e-11,z_pc,1e-11,23,R_n_low,1.3914249972536672e-7,low,R_n,1.3914249972536672e-7,NA
z_nc,6.538461538461538e-11,z_pc,1e-11,23,R_p_low,2.5699100161708624e-8,low,R_p,2.5699100161708624e-8,NA
z_nc,6.538461538461538e-11,z_pc,1e-11,23,Q_n_low,0.0038485945711132356,low,Q_n,0.0038485945711132356,NA
z_nc,6.538461538461538e-11,z_pc,1e-11,23,Q_p_low,5.249393320684004e-4,low,Q_p,5.249393320684004e-4,NA
z_nc,6.538461538461538e-11,z_pc,1e-11,23,H_low,0.13554788996604542,low,H,0.13554788996604542,NA
z_nc,6.538461538461538e-11,z_pc,1e-11,23,V_b_low,0,low,PAV_conc,0,con
z_nc,6.538461538461538e-11,z_pc,1e-11,23,V_c_low,9433491.293201491,low,RPV_conc,6.974672498982572,con
z_nc,6.538461538461538e-11,z_pc,1e-11,23,R_n_n,7.391211935103008e-6,+N,R_n,7.391211935103008e-6,NA
z_nc,6.538461538461538e-11,z_pc,1e-11,23,R_p_n,2.327141928816311e-8,+N,R_p,2.327141928816311e-8,NA
z_nc,6.538461538461538e-11,z_pc,1e-11,23,Q_n_n,0.011478469471306853,+N,Q_n,0.011478469471306853,NA
z_nc,6.538461538461538e-11,z_pc,1e-11,23,Q_p_n,4.250856360048467e-4,+N,Q_p,4.250856360048467e-4,NA
z_nc,6.538461538461538e-11,z_pc,1e-11,23,H_n,0.14978019985485147,+N,H,0.14978019985485147,NA
z_nc,6.538461538461538e-11,z_pc,1e-11,23,V_b_n,0,+N,PAV_conc,0,con
z_nc,6.538461538461538e-11,z_pc,1e-11,23,V_c_n,12732834.06533295,+N,RPV_conc,7.104925113484423,con
z_nc,6.538461538461538e-11,z_pc,1e-11,23,R_n_p,1.3914249972536672e-7,+P,R_n,1.3914249972536672e-7,NA
z_nc,6.538461538461538e-11,z_pc,1e-11,23,R_p_p,1.3784321355506468e-6,+P,R_p,1.3784321355506468e-6,NA
z_nc,6.538461538461538e-11,z_pc,1e-11,23,Q_n_p,0.0038485945711132356,+P,Q_n,0.0038485945711132356,NA
z_nc,6.538461538461538e-11,z_pc,1e-11,23,Q_p_p,0.001865638237497734,+P,Q_p,0.001865638237497734,NA
z_nc,6.538461538461538e-11,z_pc,1e-11,23,H_p,0.13554788996604542,+P,H,0.13554788996604542,NA
z_nc,6.538461538461538e-11,z_pc,1e-11,23,V_b_p,0,+P,PAV_conc,0,con
z_nc,6.538461538461538e-11,z_pc,1e-11,23,V_c_p,9433491.293201491,+P,RPV_conc,6.974672498982572,con
z_nc,6.538461538461538e-11,z_pc,1e-11,23,R_n_np,7.184781474733308e-6,+N+P,R_n,7.184781474733308e-6,NA
z_nc,6.538461538461538e-11,z_pc,1e-11,23,R_p_np,1.2114785517665087e-6,+N+P,R_p,1.2114785517665087e-6,NA
z_nc,6.538461538461538e-11,z_pc,1e-11,23,Q_n_np,0.011089730440105845,+N+P,Q_n,0.011089730440105845,NA
z_nc,6.538461538461538e-11,z_pc,1e-11,23,Q_p_np,0.0015827448533744068,+N+P,Q_p,0.0015827448533744068,NA
z_nc,6.538461538461538e-11,z_pc,1e-11,23,H_np,0.1536514856333574,+N+P,H,0.1536514856333574,NA
z_nc,6.538461538461538e-11,z_pc,1e-11,23,V_b_np,0,+N+P,PAV_conc,0,con
z_nc,6.538461538461538e-11,z_pc,1e-11,23,V_c_np,13780991.526552176,+N+P,RPV_conc,7.1392804972001995,con
z_nc,6.538461538461538e-11,z_pc,1e-11,23,VbH_low,0,low,PAV_pop,0,pop
z_nc,6.538461538461538e-11,z_pc,1e-11,23,VbH_n,0,+N,PAV_pop,0,pop
z_nc,6.538461538461538e-11,z_pc,1e-11,23,VbH_p,0,+P,PAV_pop,0,pop
z_nc,6.538461538461538e-11,z_pc,1e-11,23,VbH_np,0,+N+P,PAV_pop,0,pop
z_nc,6.538461538461538e-11,z_pc,1e-11,23,VcH_low,1278689.8398065232,low,RPV_pop,6.106765554020374,pop
z_nc,6.538461538461538e-11,z_pc,1e-11,23,VcH_n,1907126.43102423,+N,RPV_pop,6.280379712837121,pop
z_nc,6.538461538461538e-11,z_pc,1e-11,23,VcH_p,1278689.8398065232,+P,RPV_pop,6.106765554020374,pop
z_nc,6.538461538461538e-11,z_pc,1e-11,23,VcH_np,2117469.821555452,+N+P,RPV_pop,6.325817434528238,pop
z_nc,1.2623792842698196e-10,z_pc,1.9306977288832534e-11,23,R_n_low,1.4102333769648503e-7,low,R_n,1.4102333769648503e-7,NA
z_nc,1.2623792842698196e-10,z_pc,1.9306977288832534e-11,23,R_p_low,2.6041169490606233e-8,low,R_p,2.6041169490606233e-8,NA
z_nc,1.2623792842698196e-10,z_pc,1.9306977288832534e-11,23,Q_n_low,0.003227578851480342,low,Q_n,0.003227578851480342,NA
z_nc,1.2623792842698196e-10,z_pc,1.9306977288832534e-11,23,Q_p_low,4.2905598456845705e-4,low,Q_p,4.2905598456845705e-4,NA
z_nc,1.2623792842698196e-10,z_pc,1.9306977288832534e-11,23,H_low,0.13365013394342115,low,H,0.13365013394342115,NA
z_nc,1.2623792842698196e-10,z_pc,1.9306977288832534e-11,23,V_b_low,0,low,PAV_conc,0,con
z_nc,1.2623792842698196e-10,z_pc,1.9306977288832534e-11,23,V_c_low,9030046.78353623,low,RPV_conc,6.955690048438777,con
z_nc,1.2623792842698196e-10,z_pc,1.9306977288832534e-11,23,R_n_n,7.502150199793496e-6,+N,R_n,7.502150199793496e-6,NA
z_nc,1.2623792842698196e-10,z_pc,1.9306977288832534e-11,23,R_p_n,2.3574333525493596e-8,+N,R_p,2.3574333525493596e-8,NA
z_nc,1.2623792842698196e-10,z_pc,1.9306977288832534e-11,23,Q_n_n,0.010751439590489189,+N,Q_n,0.010751439590489189,NA
z_nc,1.2623792842698196e-10,z_pc,1.9306977288832534e-11,23,Q_p_n,2.9518696829352367e-4,+N,Q_p,2.9518696829352367e-4,NA
z_nc,1.2623792842698196e-10,z_pc,1.9306977288832534e-11,23,H_n,0.14769109175297462,+N,H,0.14769109175297462,NA
z_nc,1.2623792842698196e-10,z_pc,1.9306977288832534e-11,23,V_b_n,0,+N,PAV_conc,0,con
z_nc,1.2623792842698196e-10,z_pc,1.9306977288832534e-11,23,V_c_n,12190309.705825571,+N,RPV_conc,7.086014775028216,con
z_nc,1.2623792842698196e-10,z_pc,1.9306977288832534e-11,23,R_n_p,1.4102333769648503e-7,+P,R_n,1.4102333769648503e-7,NA
z_nc,1.2623792842698196e-10,z_pc,1.9306977288832534e-11,23,R_p_p,1.3975305660452615e-6,+P,R_p,1.3975305660452615e-6,NA
z_nc,1.2623792842698196e-10,z_pc,1.9306977288832534e-11,23,Q_n_p,0.003227578851480342,+P,Q_n,0.003227578851480342,NA
z_nc,1.2623792842698196e-10,z_pc,1.9306977288832534e-11,23,Q_p_p,0.0017886520043542287,+P,Q_p,0.0017886520043542287,NA
z_nc,1.2623792842698196e-10,z_pc,1.9306977288832534e-11,23,H_p,0.13365013394342115,+P,H,0.13365013394342115,NA
z_nc,1.2623792842698196e-10,z_pc,1.9306977288832534e-11,23,V_b_p,0,+P,PAV_conc,0,con
z_nc,1.2623792842698196e-10,z_pc,1.9306977288832534e-11,23,V_c_p,9030046.78353623,+P,RPV_conc,6.955690048438777,con
z_nc,1.2623792842698196e-10,z_pc,1.9306977288832534e-11,23,R_n_np,7.20480276874067e-6,+N+P,R_n,7.20480276874067e-6,NA
z_nc,1.2623792842698196e-10,z_pc,1.9306977288832534e-11,23,R_p_np,1.2145231066576674e-6,+N+P,R_p,1.2145231066576674e-6,NA
z_nc,1.2623792842698196e-10,z_pc,1.9306977288832534e-11,23,Q_n_np,0.01009105319350572,+N+P,Q_n,0.01009105319350572,NA
z_nc,1.2623792842698196e-10,z_pc,1.9306977288832534e-11,23,Q_p_np,0.001429717571428787,+N+P,Q_p,0.001429717571428787,NA
z_nc,1.2623792842698196e-10,z_pc,1.9306977288832534e-11,23,H_np,0.1532602239348283,+N+P,H,0.1532602239348283,NA
z_nc,1.2623792842698196e-10,z_pc,1.9306977288832534e-11,23,V_b_np,0,+N+P,PAV_conc,0,con
z_nc,1.2623792842698196e-10,z_pc,1.9306977288832534e-11,23,V_c_np,13672497.695755882,+N+P,RPV_conc,7.1358478906185505,con
z_nc,1.2623792842698196e-10,z_pc,1.9306977288832534e-11,23,VbH_low,0,low,PAV_pop,0,pop
z_nc,1.2623792842698196e-10,z_pc,1.9306977288832534e-11,23,VbH_n,0,+N,PAV_pop,0,pop
z_nc,1.2623792842698196e-10,z_pc,1.9306977288832534e-11,23,VbH_p,0,+P,PAV_pop,0,pop
z_nc,1.2623792842698196e-10,z_pc,1.9306977288832534e-11,23,VbH_np,0,+N+P,PAV_pop,0,pop
z_nc,1.2623792842698196e-10,z_pc,1.9306977288832534e-11,23,VcH_low,1206866.9621349764,low,RPV_pop,6.081659758537365,pop
z_nc,1.2623792842698196e-10,z_pc,1.9306977288832534e-11,23,VcH_n,1800400.1492602616,+N,RPV_pop,6.255369281492186,pop
z_nc,1.2623792842698196e-10,z_pc,1.9306977288832534e-11,23,VcH_p,1206866.9621349764,+P,RPV_pop,6.081659758537365,pop
z_nc,1.2623792842698196e-10,z_pc,1.9306977288832534e-11,23,VcH_np,2095450.0585999705,+N+P,RPV_pop,6.3212775218970485,pop
z_nc,2.437272817128998e-10,z_pc,3.727593720314938e-11,23,R_n_low,1.4569490118935662e-7,low,R_n,1.4569490118935662e-7,NA
z_nc,2.437272817128998e-10,z_pc,3.727593720314938e-11,23,R_p_low,2.688854668472957e-8,low,R_p,2.688854668472957e-8,NA
z_nc,2.437272817128998e-10,z_pc,3.727593720314938e-11,23,Q_n_low,0.002248975570208629,low,Q_n,0.002248975570208629,NA
z_nc,2.437272817128998e-10,z_pc,3.727593720314938e-11,23,Q_p_low,2.7711726240071895e-4,low,Q_p,2.7711726240071895e-4,NA
z_nc,2.437272817128998e-10,z_pc,3.727593720314938e-11,23,H_low,0.12911341458182932,low,H,0.12911341458182932,NA
z_nc,2.437272817128998e-10,z_pc,3.727593720314938e-11,23,V_b_low,0,low,PAV_conc,0,con
z_nc,2.437272817128998e-10,z_pc,3.727593720314938e-11,23,V_c_low,8113272.970439994,low,RPV_conc,6.909196141556719,con
z_nc,2.437272817128998e-10,z_pc,3.727593720314938e-11,23,R_n_n,7.909392905651472e-6,+N,R_n,7.909392905651472e-6,NA
z_nc,2.437272817128998e-10,z_pc,3.727593720314938e-11,23,R_p_n,2.468036164017009e-8,+N,R_p,2.468036164017009e-8,NA
z_nc,2.437272817128998e-10,z_pc,3.727593720314938e-11,23,Q_n_n,0.010057945836685197,+N,Q_n,0.010057945836685197,NA
z_nc,2.437272817128998e-10,z_pc,3.727593720314938e-11,23,Q_p_n,1.178534748127897e-4,+N,Q_p,1.178534748127897e-4,NA
z_nc,2.437272817128998e-10,z_pc,3.727593720314938e-11,23,H_n,0.14023770761831725,+N,H,0.14023770761831725,NA
z_nc,2.437272817128998e-10,z_pc,3.727593720314938e-11,23,V_b_n,0,+N,PAV_conc,0,con
z_nc,2.437272817128998e-10,z_pc,3.727593720314938e-11,23,V_c_n,10382391.630138902,+N,RPV_conc,7.01629744853421,con
z_nc,2.437272817128998e-10,z_pc,3.727593720314938e-11,23,R_n_p,1.4569490118935662e-7,+P,R_n,1.4569490118935662e-7,NA
z_nc,2.437272817128998e-10,z_pc,3.727593720314938e-11,23,R_p_p,1.4448735084395474e-6,+P,R_p,1.4448735084395474e-6,NA
z_nc,2.437272817128998e-10,z_pc,3.727593720314938e-11,23,Q_n_p,0.002248975570208629,+P,Q_n,0.002248975570208629,NA
z_nc,2.437272817128998e-10,z_pc,3.727593720314938e-11,23,Q_p_p,0.0016841266987372915,+P,Q_p,0.0016841266987372915,NA
z_nc,2.437272817128998e-10,z_pc,3.727593720314938e-11,23,H_p,0.12911341458182932,+P,H,0.12911341458182932,NA
z_nc,2.437272817128998e-10,z_pc,3.727593720314938e-11,23,V_b_p,0,+P,PAV_conc,0,con
z_nc,2.437272817128998e-10,z_pc,3.727593720314938e-11,23,V_c_p,8113272.970439994,+P,RPV_conc,6.909196141556719,con
z_nc,2.437272817128998e-10,z_pc,3.727593720314938e-11,23,R_n_np,7.249506059869565e-6,+N+P,R_n,7.249506059869565e-6,NA
z_nc,2.437272817128998e-10,z_pc,3.727593720314938e-11,23,R_p_np,1.221317503090327e-6,+N+P,R_p,1.221317503090327e-6,NA
z_nc,2.437272817128998e-10,z_pc,3.727593720314938e-11,23,Q_n_np,0.008220629318539261,+N+P,Q_n,0.008220629318539261,NA
z_nc,2.437272817128998e-10,z_pc,3.727593720314938e-11,23,Q_p_np,0.001143001294244721,+N+P,Q_p,0.001143001294244721,NA
z_nc,2.437272817128998e-10,z_pc,3.727593720314938e-11,23,H_np,0.152386339204592,+N+P,H,0.152386339204592,NA
z_nc,2.437272817128998e-10,z_pc,3.727593720314938e-11,23,V_b_np,0,+N+P,PAV_conc,0,con
z_nc,2.437272817128998e-10,z_pc,3.727593720314938e-11,23,V_c_np,13432263.28548026,+N+P,RPV_conc,7.128149228141648,con
z_nc,2.437272817128998e-10,z_pc,3.727593720314938e-11,23,VbH_low,0,low,PAV_pop,0,pop
z_nc,2.437272817128998e-10,z_pc,3.727593720314938e-11,23,VbH_n,0,+N,PAV_pop,0,pop
z_nc,2.437272817128998e-10,z_pc,3.727593720314938e-11,23,VbH_p,0,+P,PAV_pop,0,pop
z_nc,2.437272817128998e-10,z_pc,3.727593720314938e-11,23,VbH_np,0,+N+P,PAV_pop,0,pop
z_nc,2.437272817128998e-10,z_pc,3.727593720314938e-11,23,VcH_low,1047532.3766479688,low,RPV_pop,6.020167869407411,pop
z_nc,2.437272817128998e-10,z_pc,3.727593720314938e-11,23,VcH_n,1456002.8018062834,+N,RPV_pop,6.163162508975188,pop
z_nc,2.437272817128998e-10,z_pc,3.727593720314938e-11,23,VcH_p,1047532.3766479688,+P,RPV_pop,6.020167869407411,pop
z_nc,2.437272817128998e-10,z_pc,3.727593720314938e-11,23,VcH_np,2046893.4293065823,+N+P,RPV_pop,6.311095444053844,pop
z_nc,4.705637092699845e-10,z_pc,7.196856730011528e-11,23,R_n_low,1.5935538688441252e-7,low,R_n,1.5935538688441252e-7,NA
z_nc,4.705637092699845e-10,z_pc,7.196856730011528e-11,23,R_p_low,2.9361887782420294e-8,low,R_p,2.9361887782420294e-8,NA
z_nc,4.705637092699845e-10,z_pc,7.196856730011528e-11,23,Q_n_low,0.0013149518588359192,low,Q_n,0.0013149518588359192,NA
z_nc,4.705637092699845e-10,z_pc,7.196856730011528e-11,23,Q_p_low,1.2760591709396027e-4,low,Q_p,1.2760591709396027e-4,NA
z_nc,4.705637092699845e-10,z_pc,7.196856730011528e-11,23,H_low,0.11741891620985223,low,H,0.11741891620985223,NA
z_nc,4.705637092699845e-10,z_pc,7.196856730011528e-11,23,V_b_low,0,low,PAV_conc,0,con
z_nc,4.705637092699845e-10,z_pc,7.196856730011528e-11,23,V_c_low,6044674.103581154,low,RPV_conc,6.781372962845451,con
z_nc,4.705637092699845e-10,z_pc,7.196856730011528e-11,23,R_n_n,9.52745067360859e-6,+N,R_n,9.52745067360859e-6,NA
z_nc,4.705637092699845e-10,z_pc,7.196856730011528e-11,23,R_p_n,2.8929632110864275e-8,+N,R_p,2.8929632110864275e-8,NA
z_nc,4.705637092699845e-10,z_pc,7.196856730011528e-11,23,Q_n_n,0.011452510185634904,+N,Q_n,0.011452510185634904,NA
z_nc,4.705637092699845e-10,z_pc,7.196856730011528e-11,23,Q_p_n,7.457242470505054e-5,+N,Q_p,7.457242470505054e-5,NA
z_nc,4.705637092699845e-10,z_pc,7.196856730011528e-11,23,H_n,0.11863771759940879,+N,H,0.11863771759940879,NA
z_nc,4.705637092699845e-10,z_pc,7.196856730011528e-11,23,V_b_n,0,+N,PAV_conc,0,con
z_nc,4.705637092699845e-10,z_pc,7.196856730011528e-11,23,V_c_n,6181686.606525469,+N,RPV_conc,6.791107054077303,con
z_nc,4.705637092699845e-10,z_pc,7.196856730011528e-11,23,R_n_p,1.5935538688441252e-7,+P,R_n,1.5935538688441252e-7,NA
z_nc,4.705637092699845e-10,z_pc,7.196856730011528e-11,23,R_p_p,1.5836401876743796e-6,+P,R_p,1.5836401876743796e-6,NA
z_nc,4.705637092699845e-10,z_pc,7.196856730011528e-11,23,Q_n_p,0.0013149518588359192,+P,Q_n,0.0013149518588359192,NA
z_nc,4.705637092699845e-10,z_pc,7.196856730011528e-11,23,Q_p_p,0.0016735898742695986,+P,Q_p,0.0016735898742695986,NA
z_nc,4.705637092699845e-10,z_pc,7.196856730011528e-11,23,H_p,0.11741891620985223,+P,H,0.11741891620985223,NA
z_nc,4.705637092699845e-10,z_pc,7.196856730011528e-11,23,V_b_p,0,+P,PAV_conc,0,con
z_nc,4.705637092699845e-10,z_pc,7.196856730011528e-11,23,V_c_p,6044674.103581154,+P,RPV_conc,6.781372962845451,con
z_nc,4.705637092699845e-10,z_pc,7.196856730011528e-11,23,R_n_np,7.371044681742918e-6,+N+P,R_n,7.371044681742918e-6,NA
z_nc,4.705637092699845e-10,z_pc,7.196856730011528e-11,23,R_p_np,1.2397261368578776e-6,+N+P,R_p,1.2397261368578776e-6,NA
z_nc,4.705637092699845e-10,z_pc,7.196856730011528e-11,23,Q_n_np,0.004921944659444034,+N+P,Q_n,0.004921944659444034,NA
z_nc,4.705637092699845e-10,z_pc,7.196856730011528e-11,23,Q_p_np,6.366847082350251e-4,+N+P,Q_p,6.366847082350251e-4,NA
z_nc,4.705637092699845e-10,z_pc,7.196856730011528e-11,23,H_np,0.1500093998707332,+N+P,H,0.1500093998707332,NA
z_nc,4.705637092699845e-10,z_pc,7.196856730011528e-11,23,V_b_np,0,+N+P,PAV_conc,0,con
z_nc,4.705637092699845e-10,z_pc,7.196856730011528e-11,23,V_c_np,12793331.678198213,+N+P,RPV_conc,7.106983693439959,con
z_nc,4.705637092699845e-10,z_pc,7.196856730011528e-11,23,VbH_low,0,low,PAV_pop,0,pop
z_nc,4.705637092699845e-10,z_pc,7.196856730011528e-11,23,VbH_n,0,+N,PAV_pop,0,pop
z_nc,4.705637092699845e-10,z_pc,7.196856730011528e-11,23,VbH_p,0,+P,PAV_pop,0,pop
z_nc,4.705637092699845e-10,z_pc,7.196856730011528e-11,23,VbH_np,0,+N+P,PAV_pop,0,pop
z_nc,4.705637092699845e-10,z_pc,7.196856730011528e-11,23,VcH_low,709759.0820842591,low,RPV_pop,5.8511115703595165,pop
z_nc,4.705637092699845e-10,z_pc,7.196856730011528e-11,23,VcH_n,733381.1899130162,+N,RPV_pop,5.865330358970073,pop
z_nc,4.705637092699845e-10,z_pc,7.196856730011528e-11,23,VcH_p,709759.0820842591,+P,RPV_pop,5.8511115703595165,pop
z_nc,4.705637092699845e-10,z_pc,7.196856730011528e-11,23,VcH_np,1919120.0073937539,+N+P,RPV_pop,6.283102359407968,pop
z_nc,9.08516284782435e-10,z_pc,1.389495494373136e-10,23,R_n_low,1.8888535493272687e-7,low,R_n,1.8888535493272687e-7,NA
z_nc,9.08516284782435e-10,z_pc,1.389495494373136e-10,23,R_p_low,3.4752032598144316e-8,low,R_p,3.4752032598144316e-8,NA
z_nc,9.08516284782435e-10,z_pc,1.389495494373136e-10,23,Q_n_low,0.0011128706176218002,low,Q_n,0.0011128706176218002,NA
z_nc,9.08516284782435e-10,z_pc,1.389495494373136e-10,23,Q_p_low,8.283186572656488e-5,low,Q_p,8.283186572656488e-5,NA
z_nc,9.08516284782435e-10,z_pc,1.389495494373136e-10,23,H_low,0.09879237389188802,low,H,0.09879237389188802,NA
z_nc,9.08516284782435e-10,z_pc,1.389495494373136e-10,23,V_b_low,0,low,PAV_conc,0,con
z_nc,9.08516284782435e-10,z_pc,1.389495494373136e-10,23,V_c_low,3538567.2965106205,low,RPV_conc,6.548827582168621,con
z_nc,9.08516284782435e-10,z_pc,1.389495494373136e-10,23,R_n_n,1.2020123642279183e-5,+N,R_n,1.2020123642279183e-5,NA
z_nc,9.08516284782435e-10,z_pc,1.389495494373136e-10,23,R_p_n,3.5016330361382524e-8,+N,R_p,3.5016330361382524e-8,NA
z_nc,9.08516284782435e-10,z_pc,1.389495494373136e-10,23,Q_n_n,0.013732764335534752,+N,Q_n,0.013732764335534752,NA
z_nc,9.08516284782435e-10,z_pc,1.389495494373136e-10,23,Q_p_n,7.445027130860996e-5,+N,Q_p,7.445027130860996e-5,NA
z_nc,9.08516284782435e-10,z_pc,1.389495494373136e-10,23,H_n,0.09802287102656093,+N,H,0.09802287102656093,NA
z_nc,9.08516284782435e-10,z_pc,1.389495494373136e-10,23,V_b_n,0,+N,PAV_conc,0,con
z_nc,9.08516284782435e-10,z_pc,1.389495494373136e-10,23,V_c_n,3420829.3536919034,+N,RPV_conc,6.53413153712504,con
z_nc,9.08516284782435e-10,z_pc,1.389495494373136e-10,23,R_n_p,1.8888535493272687e-7,+P,R_n,1.8888535493272687e-7,NA
z_nc,9.08516284782435e-10,z_pc,1.389495494373136e-10,23,R_p_p,1.8912210234481818e-6,+P,R_p,1.8912210234481818e-6,NA
z_nc,9.08516284782435e-10,z_pc,1.389495494373136e-10,23,Q_n_p,0.0011128706176218002,+P,Q_n,0.0011128706176218002,NA
z_nc,9.08516284782435e-10,z_pc,1.389495494373136e-10,23,Q_p_p,0.001917247508954524,+P,Q_p,0.001917247508954524,NA
z_nc,9.08516284782435e-10,z_pc,1.389495494373136e-10,23,H_p,0.09879237389188802,+P,H,0.09879237389188802,NA
z_nc,9.08516284782435e-10,z_pc,1.389495494373136e-10,23,V_b_p,0,+P,PAV_conc,0,con
z_nc,9.08516284782435e-10,z_pc,1.389495494373136e-10,23,V_c_p,3538567.2965106205,+P,RPV_conc,6.548827582168621,con
z_nc,9.08516284782435e-10,z_pc,1.389495494373136e-10,23,R_n_np,7.970582105434535e-6,+N+P,R_n,7.970582105434535e-6,NA
z_nc,9.08516284782435e-10,z_pc,1.389495494373136e-10,23,R_p_np,1.329721011683737e-6,+N+P,R_p,1.329721011683737e-6,NA
z_nc,9.08516284782435e-10,z_pc,1.389495494373136e-10,23,Q_n_np,0.0013947158970413938,+N+P,Q_n,0.0013947158970413938,NA
z_nc,9.08516284782435e-10,z_pc,1.389495494373136e-10,23,Q_p_np,8.784988030650723e-5,+N+P,Q_p,8.784988030650723e-5,NA
z_nc,9.08516284782435e-10,z_pc,1.389495494373136e-10,23,H_np,0.13878590654851472,+N+P,H,0.13878590654851472,NA
z_nc,9.08516284782435e-10,z_pc,1.389495494373136e-10,23,V_b_np,0,+N+P,PAV_conc,0,con
z_nc,9.08516284782435e-10,z_pc,1.389495494373136e-10,23,V_c_np,10052798.73261826,+N+P,RPV_conc,7.002287030820613,con
z_nc,9.08516284782435e-10,z_pc,1.389495494373136e-10,23,VbH_low,0,low,PAV_pop,0,pop
z_nc,9.08516284782435e-10,z_pc,1.389495494373136e-10,23,VbH_n,0,+N,PAV_pop,0,pop
z_nc,9.08516284782435e-10,z_pc,1.389495494373136e-10,23,VbH_p,0,+P,PAV_pop,0,pop
z_nc,9.08516284782435e-10,z_pc,1.389495494373136e-10,23,VbH_np,0,+N+P,PAV_pop,0,pop
z_nc,9.08516284782435e-10,z_pc,1.389495494373136e-10,23,VcH_low,349583.46339848463,low,RPV_pop,5.5435521230177365,pop
z_nc,9.08516284782435e-10,z_pc,1.389495494373136e-10,23,VcH_n,335319.51454081526,+N,RPV_pop,5.525460123901046,pop
z_nc,9.08516284782435e-10,z_pc,1.389495494373136e-10,23,VcH_p,349583.46339848463,+P,RPV_pop,5.5435521230177365,pop
z_nc,9.08516284782435e-10,z_pc,1.389495494373136e-10,23,VcH_np,1395186.785456185,+N+P,RPV_pop,6.1446326654581895,pop
z_nc,1.7540703276828985e-9,z_pc,2.6826957952797273e-10,23,R_n_low,2.2821779927966616e-7,low,R_n,2.2821779927966616e-7,NA
z_nc,1.7540703276828985e-9,z_pc,2.6826957952797273e-10,23,R_p_low,4.196204185447604e-8,low,R_p,4.196204185447604e-8,NA
z_nc,1.7540703276828985e-9,z_pc,2.6826957952797273e-10,23,Q_n_low,0.0011769354072863627,low,Q_n,0.0011769354072863627,NA
z_nc,1.7540703276828985e-9,z_pc,2.6826957952797273e-10,23,Q_p_low,7.448775446153507e-5,low,Q_p,7.448775446153507e-5,NA
z_nc,1.7540703276828985e-9,z_pc,2.6826957952797273e-10,23,H_low,0.08181715373961751,low,H,0.08181715373961751,NA
z_nc,1.7540703276828985e-9,z_pc,2.6826957952797273e-10,23,V_b_low,0,low,PAV_conc,0,con
z_nc,1.7540703276828985e-9,z_pc,2.6826957952797273e-10,23,V_c_low,1972432.8705557478,low,RPV_conc,6.295002451610652,con
z_nc,1.7540703276828985e-9,z_pc,2.6826957952797273e-10,23,R_n_n,1.5255473882030422e-5,+N,R_n,1.5255473882030422e-5,NA
z_nc,1.7540703276828985e-9,z_pc,2.6826957952797273e-10,23,R_p_n,4.221390440940308e-8,+N,R_p,4.221390440940308e-8,NA
z_nc,1.7540703276828985e-9,z_pc,2.6826957952797273e-10,23,Q_n_n,0.016412801086402203,+N,Q_n,0.016412801086402203,NA
z_nc,1.7540703276828985e-9,z_pc,2.6826957952797273e-10,23,Q_p_n,7.450399621204542e-5,+N,Q_p,7.450399621204542e-5,NA
z_nc,1.7540703276828985e-9,z_pc,2.6826957952797273e-10,23,H_n,0.08133025278748576,+N,H,0.08133025278748576,NA
z_nc,1.7540703276828985e-9,z_pc,2.6826957952797273e-10,23,V_b_n,0,+N,PAV_conc,0,con
z_nc,1.7540703276828985e-9,z_pc,2.6826957952797273e-10,23,V_c_n,1917776.3382910062,+N,RPV_conc,6.282798182414934,con
z_nc,1.7540703276828985e-9,z_pc,2.6826957952797273e-10,23,R_n_p,2.2743621946056585e-7,+P,R_n,2.2743621946056585e-7,NA
z_nc,1.7540703276828985e-9,z_pc,2.6826957952797273e-10,23,R_p_p,2.304627700128151e-6,+P,R_p,2.304627700128151e-6,NA
z_nc,1.7540703276828985e-9,z_pc,2.6826957952797273e-10,23,Q_n_p,0.0011071030393502985,+P,Q_n,0.0011071030393502985,NA
z_nc,1.7540703276828985e-9,z_pc,2.6826957952797273e-10,23,Q_p_p,0.0022667062101499116,+P,Q_p,0.0022667062101499116,NA
z_nc,1.7540703276828985e-9,z_pc,2.6826957952797273e-10,23,H_p,0.0820968218595765,+P,H,0.0820968218595765,NA
z_nc,1.7540703276828985e-9,z_pc,2.6826957952797273e-10,23,V_b_p,0,+P,PAV_conc,0,con
z_nc,1.7540703276828985e-9,z_pc,2.6826957952797273e-10,23,V_c_p,1993408.7395649445,+P,RPV_conc,6.299596575841737,con
z_nc,1.7540703276828985e-9,z_pc,2.6826957952797273e-10,23,R_n_np,9.968300187743327e-6,+N+P,R_n,9.968300187743327e-6,NA
z_nc,1.7540703276828985e-9,z_pc,2.6826957952797273e-10,23,R_p_np,1.6212516838960158e-6,+N+P,R_p,1.6212516838960158e-6,NA
z_nc,1.7540703276828985e-9,z_pc,2.6826957952797273e-10,23,Q_n_np,0.0015247217695334254,+N+P,Q_n,0.0015247217695334254,NA
z_nc,1.7540703276828985e-9,z_pc,2.6826957952797273e-10,23,Q_p_np,8.122664123640596e-5,+N+P,Q_p,8.122664123640596e-5,NA
z_nc,1.7540703276828985e-9,z_pc,2.6826957952797273e-10,23,H_np,0.11448822306762427,+N+P,H,0.11448822306762427,NA
z_nc,1.7540703276828985e-9,z_pc,2.6826957952797273e-10,23,V_b_np,0,+N+P,PAV_conc,0,con
z_nc,1.7540703276828985e-9,z_pc,2.6826957952797273e-10,23,V_c_np,5535731.154908754,+N+P,RPV_conc,6.743175068721238,con
z_nc,1.7540703276828985e-9,z_pc,2.6826957952797273e-10,23,VbH_low,0,low,PAV_pop,0,pop
z_nc,1.7540703276828985e-9,z_pc,2.6826957952797273e-10,23,VbH_n,0,+N,PAV_pop,0,pop
z_nc,1.7540703276828985e-9,z_pc,2.6826957952797273e-10,23,VbH_p,0,+P,PAV_pop,0,pop
z_nc,1.7540703276828985e-9,z_pc,2.6826957952797273e-10,23,VbH_np,0,+N+P,PAV_pop,0,pop
z_nc,1.7540703276828985e-9,z_pc,2.6826957952797273e-10,23,VcH_low,161378.8434113347,low,RPV_pop,5.207849289729943,pop
z_nc,1.7540703276828985e-9,z_pc,2.6826957952797273e-10,23,VcH_n,155973.23438306633,+N,RPV_pop,5.193052862524708,pop
z_nc,1.7540703276828985e-9,z_pc,2.6826957952797273e-10,23,VcH_p,163652.52218538616,+P,RPV_pop,5.213925356721423,pop
z_nc,1.7540703276828985e-9,z_pc,2.6826957952797273e-10,23,VcH_np,633776.0233055907,+N+P,RPV_pop,5.801936490404182,pop
z_nc,3.386579597958863e-9,z_pc,5.179474679231202e-10,23,R_n_low,2.7412770001138026e-7,low,R_n,2.7412770001138026e-7,NA
z_nc,3.386579597958863e-9,z_pc,5.179474679231202e-10,23,R_p_low,5.037069428501223e-8,low,R_p,5.037069428501223e-8,NA
z_nc,3.386579597958863e-9,z_pc,5.179474679231202e-10,23,Q_n_low,0.0013153855048663858,low,Q_n,0.0013153855048663858,NA
z_nc,3.386579597958863e-9,z_pc,5.179474679231202e-10,23,Q_p_low,7.453651067998989e-5,low,Q_p,7.453651067998989e-5,NA
z_nc,3.386579597958863e-9,z_pc,5.179474679231202e-10,23,H_low,0.06817912247362896,low,H,0.06817912247362896,NA
z_nc,3.386579597958863e-9,z_pc,5.179474679231202e-10,23,V_b_low,0,low,PAV_conc,0,con
z_nc,3.386579597958863e-9,z_pc,5.179474679231202e-10,23,V_c_low,1120737.9889340163,low,RPV_conc,6.049504480690907,con
z_nc,3.386579597958863e-9,z_pc,5.179474679231202e-10,23,R_n_n,1.9429206218179587e-5,+N,R_n,1.9429206218179587e-5,NA
z_nc,3.386579597958863e-9,z_pc,5.179474679231202e-10,23,R_p_n,5.049420812895657e-8,+N,R_p,5.049420812895657e-8,NA
z_nc,3.386579597958863e-9,z_pc,5.179474679231202e-10,23,Q_n_n,0.01947152973999519,+N,Q_n,0.01947152973999519,NA
z_nc,3.386579597958863e-9,z_pc,5.179474679231202e-10,23,Q_p_n,7.454673880680226e-5,+N,Q_p,7.454673880680226e-5,NA
z_nc,3.386579597958863e-9,z_pc,5.179474679231202e-10,23,H_n,0.06801299370936716,+N,H,0.06801299370936716,NA
z_nc,3.386579597958863e-9,z_pc,5.179474679231202e-10,23,V_b_n,0,+N,PAV_conc,0,con
z_nc,3.386579597958863e-9,z_pc,5.179474679231202e-10,23,V_c_n,1101669.0763111808,+N,RPV_conc,6.042051553235891,con
z_nc,3.386579597958863e-9,z_pc,5.179474679231202e-10,23,R_n_p,2.720993765116431e-7,+P,R_n,2.720993765116431e-7,NA
z_nc,3.386579597958863e-9,z_pc,5.179474679231202e-10,23,R_p_p,2.7966576344863452e-6,+P,R_p,2.7966576344863452e-6,NA
z_nc,3.386579597958863e-9,z_pc,5.179474679231202e-10,23,Q_n_p,0.0011076745199925255,+P,Q_n,0.0011076745199925255,NA
z_nc,3.386579597958863e-9,z_pc,5.179474679231202e-10,23,Q_p_p,0.002669352062930223,+P,Q_p,0.002669352062930223,NA
z_nc,3.386579597958863e-9,z_pc,5.179474679231202e-10,23,H_p,0.0686839719521044,+P,H,0.0686839719521044,NA
z_nc,3.386579597958863e-9,z_pc,5.179474679231202e-10,23,V_b_p,0,+P,PAV_conc,0,con
z_nc,3.386579597958863e-9,z_pc,5.179474679231202e-10,23,V_c_p,1146664.9363589126,+P,RPV_conc,6.0594369112512325,con
z_nc,3.386579597958863e-9,z_pc,5.179474679231202e-10,23,R_n_np,1.2570665776910899e-5,+N+P,R_n,1.2570665776910899e-5,NA
z_nc,3.386579597958863e-9,z_pc,5.179474679231202e-10,23,R_p_np,1.97983680469183e-6,+N+P,R_p,1.97983680469183e-6,NA
z_nc,3.386579597958863e-9,z_pc,5.179474679231202e-10,23,Q_n_np,0.001733526638116558,+N+P,Q_n,0.001733526638116558,NA
z_nc,3.386579597958863e-9,z_pc,5.179474679231202e-10,23,Q_p_np,8.219720837522533e-5,+N+P,Q_p,8.219720837522533e-5,NA
z_nc,3.386579597958863e-9,z_pc,5.179474679231202e-10,23,H_np,0.09489752148275572,+N+P,H,0.09489752148275572,NA
z_nc,3.386579597958863e-9,z_pc,5.179474679231202e-10,23,V_b_np,0,+N+P,PAV_conc,0,con
z_nc,3.386579597958863e-9,z_pc,5.179474679231202e-10,23,V_c_np,3093900.7967682383,+N+P,RPV_conc,6.490506524683804,con
z_nc,3.386579597958863e-9,z_pc,5.179474679231202e-10,23,VbH_low,0,low,PAV_pop,0,pop
z_nc,3.386579597958863e-9,z_pc,5.179474679231202e-10,23,VbH_n,0,+N,PAV_pop,0,pop
z_nc,3.386579597958863e-9,z_pc,5.179474679231202e-10,23,VbH_p,0,+P,PAV_pop,0,pop
z_nc,3.386579597958863e-9,z_pc,5.179474679231202e-10,23,VbH_np,0,+N+P,PAV_pop,0,pop
z_nc,3.386579597958863e-9,z_pc,5.179474679231202e-10,23,VcH_low,76410.93260838093,low,RPV_pop,4.883161183985612,pop
z_nc,3.386579597958863e-9,z_pc,5.179474679231202e-10,23,VcH_n,74927.81195695666,+N,RPV_pop,4.874648846642831,pop
z_nc,3.386579597958863e-9,z_pc,5.179474679231202e-10,23,VcH_p,78757.50232733713,+P,RPV_pop,4.896297448995315,pop
z_nc,3.386579597958863e-9,z_pc,5.179474679231202e-10,23,VcH_np,293603.51732682897,+N+P,RPV_pop,5.467762733243428,pop
z_nc,6.538461538461539e-9,z_pc,1e-9,23,R_n_low,3.2450664110724054e-7,low,R_n,3.2450664110724054e-7,NA
z_nc,6.538461538461539e-9,z_pc,1e-9,23,R_p_low,5.958516977867323e-8,low,R_p,5.958516977867323e-8,NA
z_nc,6.538461538461539e-9,z_pc,1e-9,23,Q_n_low,0.0014668624592829222,low,Q_n,0.0014668624592829222,NA
z_nc,6.538461538461539e-9,z_pc,1e-9,23,Q_p_low,7.455639413714879e-5,low,Q_p,7.455639413714879e-5,NA
z_nc,6.538461538461539e-9,z_pc,1e-9,23,H_low,0.05765362726516254,low,H,0.05765362726516254,NA
z_nc,6.538461538461539e-9,z_pc,1e-9,23,V_b_low,0,low,PAV_conc,0,con
z_nc,6.538461538461539e-9,z_pc,1e-9,23,V_c_low,666418.7468305177,low,RPV_conc,5.823747857264983,con
z_nc,6.538461538461539e-9,z_pc,1e-9,23,R_n_n,2.476945060479076e-5,+N,R_n,2.476945060479076e-5,NA
z_nc,6.538461538461539e-9,z_pc,1e-9,23,R_p_n,5.9593068435929945e-8,+N,R_p,5.9593068435929945e-8,NA
z_nc,6.538461538461539e-9,z_pc,1e-9,23,Q_n_n,0.022796254838217164,+N,Q_n,0.022796254838217164,NA
z_nc,6.538461538461539e-9,z_pc,1e-9,23,Q_p_n,7.456185351797286e-5,+N,Q_p,7.456185351797286e-5,NA
z_nc,6.538461538461539e-9,z_pc,1e-9,23,H_n,0.0576461975042929,+N,H,0.0576461975042929,NA
z_nc,6.538461538461539e-9,z_pc,1e-9,23,V_b_n,0,+N,PAV_conc,0,con
z_nc,6.538461538461539e-9,z_pc,1e-9,23,V_c_n,659789.0085637104,+N,RPV_conc,5.819405734582314,con
z_nc,6.538461538461539e-9,z_pc,1e-9,23,R_n_p,3.214744359730979e-7,+P,R_n,3.214744359730979e-7,NA
z_nc,6.538461538461539e-9,z_pc,1e-9,23,R_p_p,3.357243595316728e-6,+P,R_p,3.357243595316728e-6,NA
z_nc,6.538461538461539e-9,z_pc,1e-9,23,Q_n_p,0.0011079526091690257,+P,Q_n,0.0011079526091690257,NA
z_nc,6.538461538461539e-9,z_pc,1e-9,23,Q_p_p,0.0031106276394054053,+P,Q_p,0.0031106276394054053,NA
z_nc,6.538461538461539e-9,z_pc,1e-9,23,H_p,0.05819326341171319,+P,H,0.05819326341171319,NA
z_nc,6.538461538461539e-9,z_pc,1e-9,23,V_b_p,0,+P,PAV_conc,0,con
z_nc,6.538461538461539e-9,z_pc,1e-9,23,V_c_p,685946.0937356703,+P,RPV_conc,5.8362906203937435,con
z_nc,6.538461538461539e-9,z_pc,1e-9,23,R_n_np,1.5869975606837806e-5,+N+P,R_n,1.5869975606837806e-5,NA
z_nc,6.538461538461539e-9,z_pc,1e-9,23,R_p_np,2.402569900967974e-6,+N+P,R_p,2.402569900967974e-6,NA
z_nc,6.538461538461539e-9,z_pc,1e-9,23,Q_n_np,0.0019670115377557664,+N+P,Q_n,0.0019670115377557664,NA
z_nc,6.538461538461539e-9,z_pc,1e-9,23,Q_p_np,8.29667951999303e-5,+N+P,Q_p,8.29667951999303e-5,NA
z_nc,6.538461538461539e-9,z_pc,1e-9,23,H_np,0.0793160497960312,+N+P,H,0.0793160497960312,NA
z_nc,6.538461538461539e-9,z_pc,1e-9,23,V_b_np,0,+N+P,PAV_conc,0,con
z_nc,6.538461538461539e-9,z_pc,1e-9,23,V_c_np,1774335.231249283,+N+P,RPV_conc,6.249035920760557,con
z_nc,6.538461538461539e-9,z_pc,1e-9,23,VbH_low,0,low,PAV_pop,0,pop
z_nc,6.538461538461539e-9,z_pc,1e-9,23,VbH_n,0,+N,PAV_pop,0,pop
z_nc,6.538461538461539e-9,z_pc,1e-9,23,VbH_p,0,+P,PAV_pop,0,pop
z_nc,6.538461538461539e-9,z_pc,1e-9,23,VbH_np,0,+N+P,PAV_pop,0,pop
z_nc,6.538461538461539e-9,z_pc,1e-9,23,VcH_low,38421.458032283386,low,RPV_pop,4.584585144901259,pop
z_nc,6.538461538461539e-9,z_pc,1e-9,23,VcH_n,38034.32749882525,+N,RPV_pop,4.580187160049966,pop
z_nc,6.538461538461539e-9,z_pc,1e-9,23,VcH_p,39917.44171899557,+P,RPV_pop,4.601173579557959,pop
z_nc,6.538461538461539e-9,z_pc,1e-9,23,VcH_np,140733.26155662068,+N+P,RPV_pop,5.1483998386829715,pop
z_nc,1.2623792842698145e-8,z_pc,1.9306977288832458e-9,23,R_n_low,3.758916989663853e-7,low,R_n,3.758916989663853e-7,NA
z_nc,1.2623792842698145e-8,z_pc,1.9306977288832458e-9,23,R_p_low,6.896967491064472e-8,low,R_p,6.896967491064472e-8,NA
z_nc,1.2623792842698145e-8,z_pc,1.9306977288832458e-9,23,Q_n_low,0.0016208048597150123,low,Q_n,0.0016208048597150123,NA
z_nc,1.2623792842698145e-8,z_pc,1.9306977288832458e-9,23,Q_p_low,7.452842817473884e-5,low,Q_p,7.452842817473884e-5,NA
z_nc,1.2623792842698145e-8,z_pc,1.9306977288832458e-9,23,H_low,0.04982311550975064,low,H,0.04982311550975064,NA
z_nc,1.2623792842698145e-8,z_pc,1.9306977288832458e-9,23,V_b_low,0,low,PAV_conc,0,con
z_nc,1.2623792842698145e-8,z_pc,1.9306977288832458e-9,23,V_c_low,423858.15922805923,low,RPV_conc,5.62722157232104,con
z_nc,1.2623792842698145e-8,z_pc,1.9306977288832458e-9,23,R_n_n,3.267926131853033e-5,+N,R_n,3.267926131853033e-5,NA
z_nc,1.2623792842698145e-8,z_pc,1.9306977288832458e-9,23,R_p_n,6.887937854467248e-8,+N,R_p,6.887937854467248e-8,NA
z_nc,1.2623792842698145e-8,z_pc,1.9306977288832458e-9,23,Q_n_n,0.02611282641441137,+N,Q_n,0.02611282641441137,NA
z_nc,1.2623792842698145e-8,z_pc,1.9306977288832458e-9,23,Q_p_n,7.45305789348294e-5,+N,Q_p,7.45305789348294e-5,NA
z_nc,1.2623792842698145e-8,z_pc,1.9306977288832458e-9,23,H_n,0.04988836205772276,+N,H,0.04988836205772276,NA
z_nc,1.2623792842698145e-8,z_pc,1.9306977288832458e-9,23,V_b_n,0,+N,PAV_conc,0,con
z_nc,1.2623792842698145e-8,z_pc,1.9306977288832458e-9,23,V_c_n,421515.93361763435,+N,RPV_conc,5.6248150262418415,con
z_nc,1.2623792842698145e-8,z_pc,1.9306977288832458e-9,23,R_n_p,3.723323421150719e-7,+P,R_n,3.723323421150719e-7,NA
z_nc,1.2623792842698145e-8,z_pc,1.9306977288832458e-9,23,R_p_p,3.9537637451551005e-6,+P,R_p,3.9537637451551005e-6,NA
z_nc,1.2623792842698145e-8,z_pc,1.9306977288832458e-9,23,Q_n_p,0.0011076148139321956,+P,Q_n,0.0011076148139321956,NA
z_nc,1.2623792842698145e-8,z_pc,1.9306977288832458e-9,23,Q_p_p,0.003560818381600355,+P,Q_p,0.003560818381600355,NA
z_nc,1.2623792842698145e-8,z_pc,1.9306977288832458e-9,23,H_p,0.05029535412410898,+P,H,0.05029535412410898,NA
z_nc,1.2623792842698145e-8,z_pc,1.9306977288832458e-9,23,V_b_p,0,+P,PAV_conc,0,con
z_nc,1.2623792842698145e-8,z_pc,1.9306977288832458e-9,23,V_c_p,436436.65567983023,+P,RPV_conc,5.6399222143004675,con
z_nc,1.2623792842698145e-8,z_pc,1.9306977288832458e-9,23,R_n_np,1.997192853744364e-5,+N+P,R_n,1.997192853744364e-5,NA
z_nc,1.2623792842698145e-8,z_pc,1.9306977288832458e-9,23,R_p_np,2.882590563417403e-6,+N+P,R_p,2.882590563417403e-6,NA
z_nc,1.2623792842698145e-8,z_pc,1.9306977288832458e-9,23,Q_n_np,0.0022136598059552836,+N+P,Q_n,0.0022136598059552836,NA
z_nc,1.2623792842698145e-8,z_pc,1.9306977288832458e-9,23,Q_p_np,8.324867545824923e-5,+N+P,Q_p,8.324867545824923e-5,NA
z_nc,1.2623792842698145e-8,z_pc,1.9306977288832458e-9,23,H_np,0.06715634584723125,+N+P,H,0.06715634584723125,NA
z_nc,1.2623792842698145e-8,z_pc,1.9306977288832458e-9,23,V_b_np,0,+N+P,PAV_conc,0,con
z_nc,1.2623792842698145e-8,z_pc,1.9306977288832458e-9,23,V_c_np,1059220.3725820815,+N+P,RPV_conc,6.024986735219508,con
z_nc,1.2623792842698145e-8,z_pc,1.9306977288832458e-9,23,VbH_low,0,low,PAV_pop,0,pop
z_nc,1.2623792842698145e-8,z_pc,1.9306977288832458e-9,23,VbH_n,0,+N,PAV_pop,0,pop
z_nc,1.2623792842698145e-8,z_pc,1.9306977288832458e-9,23,VbH_p,0,+P,PAV_pop,0,pop
z_nc,1.2623792842698145e-8,z_pc,1.9306977288832458e-9,23,VbH_np,0,+N+P,PAV_pop,0,pop
z_nc,1.2623792842698145e-8,z_pc,1.9306977288832458e-9,23,VcH_low,21117.934026969873,low,RPV_pop,4.32467199350722,pop
z_nc,1.2623792842698145e-8,z_pc,1.9306977288832458e-9,23,VcH_n,21028.739509415576,+N,RPV_pop,4.322833893212994,pop
z_nc,1.2623792842698145e-8,z_pc,1.9306977288832458e-9,23,VcH_p,21950.736150158882,+P,RPV_pop,4.341468874036739,pop
z_nc,1.2623792842698145e-8,z_pc,1.9306977288832458e-9,23,VcH_np,71133.36966955541,+N+P,RPV_pop,4.852079487526579,pop
z_nc,2.437272817128998e-8,z_pc,3.727593720314938e-9,23,R_n_low,4.230476739130846e-7,low,R_n,4.230476739130846e-7,NA
z_nc,2.437272817128998e-8,z_pc,3.727593720314938e-9,23,R_p_low,7.756892456368274e-8,low,R_p,7.756892456368274e-8,NA
z_nc,2.437272817128998e-8,z_pc,3.727593720314938e-9,23,Q_n_low,0.0017615403464654423,low,Q_n,0.0017615403464654423,NA
z_nc,2.437272817128998e-8,z_pc,3.727593720314938e-9,23,Q_p_low,7.444632990978681e-5,low,Q_p,7.444632990978681e-5,NA
z_nc,2.437272817128998e-8,z_pc,3.727593720314938e-9,23,H_low,0.044309112660125036,low,H,0.044309112660125036,NA
z_nc,2.437272817128998e-8,z_pc,3.727593720314938e-9,23,V_b_low,0,low,PAV_conc,0,con
z_nc,2.437272817128998e-8,z_pc,3.727593720314938e-9,23,V_c_low,294654.684464069,low,RPV_conc,5.469314823871909,con
z_nc,2.437272817128998e-8,z_pc,3.727593720314938e-9,23,R_n_n,5.044017996606499e-5,+N,R_n,5.044017996606499e-5,NA
z_nc,2.437272817128998e-8,z_pc,3.727593720314938e-9,23,R_p_n,7.740349506014544e-8,+N,R_p,7.740349506014544e-8,NA
z_nc,2.437272817128998e-8,z_pc,3.727593720314938e-9,23,Q_n_n,0.028886696199259293,+N,Q_n,0.028886696199259293,NA
z_nc,2.437272817128998e-8,z_pc,3.727593720314938e-9,23,Q_p_n,7.444668144839146e-5,+N,Q_p,7.444668144839146e-5,NA
z_nc,2.437272817128998e-8,z_pc,3.727593720314938e-9,23,H_n,0.044403593372356484,+N,H,0.044403593372356484,NA
z_nc,2.437272817128998e-8,z_pc,3.727593720314938e-9,23,V_b_n,0,+N,PAV_conc,0,con
z_nc,2.437272817128998e-8,z_pc,3.727593720314938e-9,23,V_c_n,293773.6144431736,+N,RPV_conc,5.4680142649614805,con
z_nc,2.437272817128998e-8,z_pc,3.727593720314938e-9,23,R_n_p,4.1960572185675495e-7,+P,R_n,4.1960572185675495e-7,NA
z_nc,2.437272817128998e-8,z_pc,3.727593720314938e-9,23,R_p_p,4.526387504767913e-6,+P,R_p,4.526387504767913e-6,NA
z_nc,2.437272817128998e-8,z_pc,3.727593720314938e-9,23,Q_n_p,0.0011065313207940784,+P,Q_n,0.0011065313207940784,NA
z_nc,2.437272817128998e-8,z_pc,3.727593720314938e-9,23,Q_p_p,0.003975253108133748,+P,Q_p,0.003975253108133748,NA
z_nc,2.437272817128998e-8,z_pc,3.727593720314938e-9,23,H_p,0.044669313808698416,+P,H,0.044669313808698416,NA
z_nc,2.437272817128998e-8,z_pc,3.727593720314938e-9,23,V_b_p,0,+P,PAV_conc,0,con
z_nc,2.437272817128998e-8,z_pc,3.727593720314938e-9,23,V_c_p,302143.76324841054,+P,RPV_conc,5.480215071488572,con
z_nc,2.437272817128998e-8,z_pc,3.727593720314938e-9,23,R_n_np,2.5263850631665368e-5,+N+P,R_n,2.5263850631665368e-5,NA
z_nc,2.437272817128998e-8,z_pc,3.727593720314938e-9,23,R_p_np,3.404458945660559e-6,+N+P,R_p,3.404458945660559e-6,NA
z_nc,2.437272817128998e-8,z_pc,3.727593720314938e-9,23,Q_n_np,0.0024520606930118483,+N+P,Q_n,0.0024520606930118483,NA
z_nc,2.437272817128998e-8,z_pc,3.727593720314938e-9,23,Q_p_np,8.284008991218261e-5,+N+P,Q_p,8.284008991218261e-5,NA
z_nc,2.437272817128998e-8,z_pc,3.727593720314938e-9,23,H_np,0.05780701406118535,+N+P,H,0.05780701406118535,NA
z_nc,2.437272817128998e-8,z_pc,3.727593720314938e-9,23,V_b_np,0,+N+P,PAV_conc,0,con
z_nc,2.437272817128998e-8,z_pc,3.727593720314938e-9,23,V_c_np,665512.4083227601,+N+P,RPV_conc,5.823156809776021,con
z_nc,2.437272817128998e-8,z_pc,3.727593720314938e-9,23,VbH_low,0,low,PAV_pop,0,pop
z_nc,2.437272817128998e-8,z_pc,3.727593720314938e-9,23,VbH_n,0,+N,PAV_pop,0,pop
z_nc,2.437272817128998e-8,z_pc,3.727593720314938e-9,23,VbH_p,0,+P,PAV_pop,0,pop
z_nc,2.437272817128998e-8,z_pc,3.727593720314938e-9,23,VbH_np,0,+N+P,PAV_pop,0,pop
z_nc,2.437272817128998e-8,z_pc,3.727593720314938e-9,23,VcH_low,13055.887609752028,low,RPV_pop,4.115839665836444,pop
z_nc,2.437272817128998e-8,z_pc,3.727593720314938e-9,23,VcH_n,13044.60411926211,+N,RPV_pop,4.115464195324856,pop
z_nc,2.437272817128998e-8,z_pc,3.727593720314938e-9,23,VcH_p,13496.55457588433,+P,RPV_pop,4.130255092169025,pop
z_nc,2.437272817128998e-8,z_pc,3.727593720314938e-9,23,VcH_np,38471.285145807124,+N+P,RPV_pop,4.585147982946798,pop
z_nc,4.7056370926998456e-8,z_pc,7.1968567300115284e-9,23,R_n_low,4.6105559817534894e-7,low,R_n,4.6105559817534894e-7,NA
z_nc,4.7056370926998456e-8,z_pc,7.1968567300115284e-9,23,R_p_low,8.449052761692111e-8,low,R_p,8.449052761692111e-8,NA
z_nc,4.7056370926998456e-8,z_pc,7.1968567300115284e-9,23,Q_n_low,0.0018745407721126373,low,Q_n,0.0018745407721126373,NA
z_nc,4.7056370926998456e-8,z_pc,7.1968567300115284e-9,23,Q_p_low,7.43304610825214e-5,low,Q_p,7.43304610825214e-5,NA
z_nc,4.7056370926998456e-8,z_pc,7.1968567300115284e-9,23,H_low,0.04068394382250917,low,H,0.04068394382250917,NA
z_nc,4.7056370926998456e-8,z_pc,7.1968567300115284e-9,23,V_b_low,0,low,PAV_conc,0,con
z_nc,4.7056370926998456e-8,z_pc,7.1968567300115284e-9,23,V_c_low,226149.226349118,low,RPV_conc,5.354397026758584,con
z_nc,4.7056370926998456e-8,z_pc,7.1968567300115284e-9,23,R_n_n,8.15871518204191e-5,+N,R_n,8.15871518204191e-5,NA
z_nc,4.7056370926998456e-8,z_pc,7.1968567300115284e-9,23,R_p_n,8.427265686402367e-8,+N,R_p,8.427265686402367e-8,NA
z_nc,4.7056370926998456e-8,z_pc,7.1968567300115284e-9,23,Q_n_n,0.030648863990686927,+N,Q_n,0.030648863990686927,NA
z_nc,4.7056370926998456e-8,z_pc,7.1968567300115284e-9,23,Q_p_n,7.43301325368074e-5,+N,Q_p,7.43301325368074e-5,NA
z_nc,4.7056370926998456e-8,z_pc,7.1968567300115284e-9,23,H_n,0.04078884386728852,+N,H,0.04078884386728852,NA
z_nc,4.7056370926998456e-8,z_pc,7.1968567300115284e-9,23,V_b_n,0,+N,PAV_conc,0,con
z_nc,4.7056370926998456e-8,z_pc,7.1968567300115284e-9,23,V_c_n,225784.25767768404,+N,RPV_conc,5.3536955818836836,con
z_nc,4.7056370926998456e-8,z_pc,7.1968567300115284e-9,23,R_n_p,4.582538551120652e-7,+P,R_n,4.582538551120652e-7,NA
z_nc,4.7056370926998456e-8,z_pc,7.1968567300115284e-9,23,R_p_p,5.008011292789921e-6,+P,R_p,5.008011292789921e-6,NA
z_nc,4.7056370926998456e-8,z_pc,7.1968567300115284e-9,23,Q_n_p,0.0011049252163192664,+P,Q_n,0.0011049252163192664,NA
z_nc,4.7056370926998456e-8,z_pc,7.1968567300115284e-9,23,Q_p_p,0.004311166637070255,+P,Q_p,0.004311166637070255,NA
z_nc,4.7056370926998456e-8,z_pc,7.1968567300115284e-9,23,H_p,0.04093044754962598,+P,H,0.04093044754962598,NA
z_nc,4.7056370926998456e-8,z_pc,7.1968567300115284e-9,23,V_b_p,0,+P,PAV_conc,0,con
z_nc,4.7056370926998456e-8,z_pc,7.1968567300115284e-9,23,V_c_p,230424.10771064367,+P,RPV_conc,5.362529799169979,con
z_nc,4.7056370926998456e-8,z_pc,7.1968567300115284e-9,23,R_n_np,3.5803229272812726e-5,+N+P,R_n,3.5803229272812726e-5,NA
z_nc,4.7056370926998456e-8,z_pc,7.1968567300115284e-9,23,R_p_np,3.9468863037553165e-6,+N+P,R_p,3.9468863037553165e-6,NA
z_nc,4.7056370926998456e-8,z_pc,7.1968567300115284e-9,23,Q_n_np,0.002581922062953617,+N+P,Q_n,0.002581922062953617,NA
z_nc,4.7056370926998456e-8,z_pc,7.1968567300115284e-9,23,Q_p_np,8.176898889650123e-5,+N+P,Q_p,8.176898889650123e-5,NA
z_nc,4.7056370926998456e-8,z_pc,7.1968567300115284e-9,23,H_np,0.050682577613401225,+N+P,H,0.050682577613401225,NA
z_nc,4.7056370926998456e-8,z_pc,7.1968567300115284e-9,23,V_b_np,0,+N+P,PAV_conc,0,con
z_nc,4.7056370926998456e-8,z_pc,7.1968567300115284e-9,23,V_c_np,442667.50578551873,+N+P,RPV_conc,5.64607862464406,con
z_nc,4.7056370926998456e-8,z_pc,7.1968567300115284e-9,23,VbH_low,0,low,PAV_pop,0,pop
z_nc,4.7056370926998456e-8,z_pc,7.1968567300115284e-9,23,VbH_n,0,+N,PAV_pop,0,pop
z_nc,4.7056370926998456e-8,z_pc,7.1968567300115284e-9,23,VbH_p,0,+P,PAV_pop,0,pop
z_nc,4.7056370926998456e-8,z_pc,7.1968567300115284e-9,23,VbH_np,0,+N+P,PAV_pop,0,pop
z_nc,4.7056370926998456e-8,z_pc,7.1968567300115284e-9,23,VcH_low,9200.642420291428,low,RPV_pop,3.9638653523898024,pop
z_nc,4.7056370926998456e-8,z_pc,7.1968567300115284e-9,23,VcH_n,9209.478834106692,+N,RPV_pop,3.9642822088727026,pop
z_nc,4.7056370926998456e-8,z_pc,7.1968567300115284e-9,23,VcH_p,9431.361854819868,+P,RPV_pop,3.9746204532974936,pop
z_nc,4.7056370926998456e-8,z_pc,7.1968567300115284e-9,23,VcH_np,22435.53021890529,+N+P,RPV_pop,4.350955694683168,pop
z_nc,9.085162847824351e-8,z_pc,1.389495494373136e-8,23,R_n_low,4.878837569276557e-7,low,R_n,4.878837569276557e-7,NA
z_nc,9.085162847824351e-8,z_pc,1.389495494373136e-8,23,R_p_low,8.937084991554545e-8,low,R_p,8.937084991554545e-8,NA
z_nc,9.085162847824351e-8,z_pc,1.389495494373136e-8,23,Q_n_low,0.0019540760427503518,low,Q_n,0.0019540760427503518,NA
z_nc,9.085162847824351e-8,z_pc,1.389495494373136e-8,23,Q_p_low,7.421665788516911e-5,low,Q_p,7.421665788516911e-5,NA
z_nc,9.085162847824351e-8,z_pc,1.389495494373136e-8,23,H_low,0.03846390753582904,low,H,0.03846390753582904,NA
z_nc,9.085162847824351e-8,z_pc,1.389495494373136e-8,23,V_b_low,0,low,PAV_conc,0,con
z_nc,9.085162847824351e-8,z_pc,1.389495494373136e-8,23,V_c_low,190042.1382710784,low,RPV_conc,5.278852193513947,con
z_nc,9.085162847824351e-8,z_pc,1.389495494373136e-8,23,R_n_n,1.1273044318418198e-4,+N,R_n,1.1273044318418198e-4,NA
z_nc,9.085162847824351e-8,z_pc,1.389495494373136e-8,23,R_p_n,8.91186538644402e-8,+N,R_p,8.91186538644402e-8,NA
z_nc,9.085162847824351e-8,z_pc,1.389495494373136e-8,23,Q_n_n,0.0315817242106372,+N,Q_n,0.0315817242106372,NA
z_nc,9.085162847824351e-8,z_pc,1.389495494373136e-8,23,Q_p_n,7.421623114905826e-5,+N,Q_p,7.421623114905826e-5,NA
z_nc,9.085162847824351e-8,z_pc,1.389495494373136e-8,23,H_n,0.038572457957925826,+N,H,0.038572457957925826,NA
z_nc,9.085162847824351e-8,z_pc,1.389495494373136e-8,23,V_b_n,0,+N,PAV_conc,0,con
z_nc,9.085162847824351e-8,z_pc,1.389495494373136e-8,23,V_c_n,189878.39962121838,+N,RPV_conc,5.278477849854811,con
z_nc,9.085162847824351e-8,z_pc,1.389495494373136e-8,23,R_n_p,4.859069619427896e-7,+P,R_n,4.859069619427896e-7,NA
z_nc,9.085162847824351e-8,z_pc,1.389495494373136e-8,23,R_p_p,5.3602624357850415e-6,+P,R_p,5.3602624357850415e-6,NA
z_nc,9.085162847824351e-8,z_pc,1.389495494373136e-8,23,Q_n_p,0.0011032832325916816,+P,Q_n,0.0011032832325916816,NA
z_nc,9.085162847824351e-8,z_pc,1.389495494373136e-8,23,Q_p_p,0.004549914419750786,+P,Q_p,0.004549914419750786,NA
z_nc,9.085162847824351e-8,z_pc,1.389495494373136e-8,23,H_p,0.03861901722671128,+P,H,0.03861901722671128,NA
z_nc,9.085162847824351e-8,z_pc,1.389495494373136e-8,23,V_b_p,0,+P,PAV_conc,0,con
z_nc,9.085162847824351e-8,z_pc,1.389495494373136e-8,23,V_c_p,192427.98381690297,+P,RPV_conc,5.284270486432184,con
z_nc,9.085162847824351e-8,z_pc,1.389495494373136e-8,23,R_n_np,6.156856750925026e-5,+N+P,R_n,6.156856750925026e-5,NA
z_nc,9.085162847824351e-8,z_pc,1.389495494373136e-8,23,R_p_np,4.4737818279412845e-6,+N+P,R_p,4.4737818279412845e-6,NA
z_nc,9.085162847824351e-8,z_pc,1.389495494373136e-8,23,Q_n_np,0.002325998056224221,+N+P,Q_n,0.002325998056224221,NA
z_nc,9.085162847824351e-8,z_pc,1.389495494373136e-8,23,Q_p_np,8.021476012633727e-5,+N+P,Q_p,8.021476012633727e-5,NA
z_nc,9.085162847824351e-8,z_pc,1.389495494373136e-8,23,H_np,0.04539245935829089,+N+P,H,0.04539245935829089,NA
z_nc,9.085162847824351e-8,z_pc,1.389495494373136e-8,23,V_b_np,0,+N+P,PAV_conc,0,con
z_nc,9.085162847824351e-8,z_pc,1.389495494373136e-8,23,V_c_np,314532.31618227874,+N+P,RPV_conc,5.497666653812435,con
z_nc,9.085162847824351e-8,z_pc,1.389495494373136e-8,23,VbH_low,0,low,PAV_pop,0,pop
z_nc,9.085162847824351e-8,z_pc,1.389495494373136e-8,23,VbH_n,0,+N,PAV_pop,0,pop
z_nc,9.085162847824351e-8,z_pc,1.389495494373136e-8,23,VbH_p,0,+P,PAV_pop,0,pop
z_nc,9.085162847824351e-8,z_pc,1.389495494373136e-8,23,VbH_np,0,+N+P,PAV_pop,0,pop
z_nc,9.085162847824351e-8,z_pc,1.389495494373136e-8,23,VcH_low,7309.763234369997,low,RPV_pop,3.863962719115486,pop
z_nc,9.085162847824351e-8,z_pc,1.389495494373136e-8,23,VcH_n,7324.0765865076855,+N,RPV_pop,3.864812169766597,pop
z_nc,9.085162847824351e-8,z_pc,1.389495494373136e-8,23,VcH_p,7431.379621926295,+P,RPV_pop,3.8711278839104066,pop
z_nc,9.085162847824351e-8,z_pc,1.389495494373136e-8,23,VcH_np,14277.39537917319,+N+P,RPV_pop,4.15467940371977,pop
z_nc,1.7540703276828984e-7,z_pc,2.6826957952797272e-08,23,R_n_low,5.048029177795886e-7,low,R_n,5.048029177795886e-7,NA
z_nc,1.7540703276828984e-7,z_pc,2.6826957952797272e-08,23,R_p_low,9.244624347855911e-8,low,R_p,9.244624347855911e-8,NA
z_nc,1.7540703276828984e-7,z_pc,2.6826957952797272e-08,23,Q_n_low,0.002004138838558013,low,Q_n,0.002004138838558013,NA
z_nc,1.7540703276828984e-7,z_pc,2.6826957952797272e-08,23,Q_p_low,7.412939985788185e-5,low,Q_p,7.412939985788185e-5,NA
z_nc,1.7540703276828984e-7,z_pc,2.6826957952797272e-08,23,H_low,0.03718454923817113,low,H,0.03718454923817113,NA
z_nc,1.7540703276828984e-7,z_pc,2.6826957952797272e-08,23,V_b_low,0,low,PAV_conc,0,con
z_nc,1.7540703276828984e-7,z_pc,2.6826957952797272e-08,23,V_c_low,171122.73539229683,low,RPV_conc,5.233310251709312,con
z_nc,1.7540703276828984e-7,z_pc,2.6826957952797272e-08,23,R_n_n,1.3500157295159924e-4,+N,R_n,1.3500157295159924e-4,NA
z_nc,1.7540703276828984e-7,z_pc,2.6826957952797272e-08,23,R_p_n,9.217315459132948e-8,+N,R_p,9.217315459132948e-8,NA
z_nc,1.7540703276828984e-7,z_pc,2.6826957952797272e-08,23,Q_n_n,0.03205486560035289,+N,Q_n,0.03205486560035289,NA
z_nc,1.7540703276828984e-7,z_pc,2.6826957952797272e-08,23,Q_p_n,7.412907616403421e-5,+N,Q_p,7.412907616403421e-5,NA
z_nc,1.7540703276828984e-7,z_pc,2.6826957952797272e-08,23,H_n,0.037294419948157555,+N,H,0.037294419948157555,NA
z_nc,1.7540703276828984e-7,z_pc,2.6826957952797272e-08,23,V_b_n,0,+N,PAV_conc,0,con
z_nc,1.7540703276828984e-7,z_pc,2.6826957952797272e-08,23,V_c_n,171045.37173122755,+N,RPV_conc,5.233113866280105,con
z_nc,1.7540703276828984e-7,z_pc,2.6826957952797272e-08,23,R_n_p,5.03556862458931e-7,+P,R_n,5.03556862458931e-7,NA
z_nc,1.7540703276828984e-7,z_pc,2.6826957952797272e-08,23,R_p_p,5.588481673594745e-6,+P,R_p,5.588481673594745e-6,NA
z_nc,1.7540703276828984e-7,z_pc,2.6826957952797272e-08,23,Q_n_p,0.0011019854896821672,+P,Q_n,0.0011019854896821672,NA
z_nc,1.7540703276828984e-7,z_pc,2.6826957952797272e-08,23,Q_p_p,0.004701604955212784,+P,Q_p,0.004701604955212784,NA
z_nc,1.7540703276828984e-7,z_pc,2.6826957952797272e-08,23,H_p,0.037275780232407796,+P,H,0.037275780232407796,NA
z_nc,1.7540703276828984e-7,z_pc,2.6826957952797272e-08,23,V_b_p,0,+P,PAV_conc,0,con
z_nc,1.7540703276828984e-7,z_pc,2.6826957952797272e-08,23,V_c_p,172427.56073932687,+P,RPV_conc,5.236609203160175,con
z_nc,1.7540703276828984e-7,z_pc,2.6826957952797272e-08,23,R_n_np,9.601751110512936e-5,+N+P,R_n,9.601751110512936e-5,NA
z_nc,1.7540703276828984e-7,z_pc,2.6826957952797272e-08,23,R_p_np,4.938638688381172e-6,+N+P,R_p,4.938638688381172e-6,NA
z_nc,1.7540703276828984e-7,z_pc,2.6826957952797272e-08,23,Q_n_np,0.0017285167057865167,+N+P,Q_n,0.0017285167057865167,NA
z_nc,1.7540703276828984e-7,z_pc,2.6826957952797272e-08,23,Q_p_np,7.848627905784943e-5,+N+P,Q_p,7.848627905784943e-5,NA
z_nc,1.7540703276828984e-7,z_pc,2.6826957952797272e-08,23,H_np,0.041656502108288446,+N+P,H,0.041656502108288446,NA
z_nc,1.7540703276828984e-7,z_pc,2.6826957952797272e-08,23,V_b_np,0,+N+P,PAV_conc,0,con
z_nc,1.7540703276828984e-7,z_pc,2.6826957952797272e-08,23,V_c_np,241008.40238178757,+N+P,RPV_conc,5.382033985823309,con
z_nc,1.7540703276828984e-7,z_pc,2.6826957952797272e-08,23,VbH_low,0,low,PAV_pop,0,pop
z_nc,1.7540703276828984e-7,z_pc,2.6826957952797272e-08,23,VbH_n,0,+N,PAV_pop,0,pop
z_nc,1.7540703276828984e-7,z_pc,2.6826957952797272e-08,23,VbH_p,0,+P,PAV_pop,0,pop
z_nc,1.7540703276828984e-7,z_pc,2.6826957952797272e-08,23,VbH_np,0,+N+P,PAV_pop,0,pop
z_nc,1.7540703276828984e-7,z_pc,2.6826957952797272e-08,23,VcH_low,6363.121779965391,low,RPV_pop,3.803738481449238,pop
z_nc,1.7540703276828984e-7,z_pc,2.6826957952797272e-08,23,VcH_n,6379.0379235331175,+N,RPV_pop,3.8048232602152403,pop
z_nc,1.7540703276828984e-7,z_pc,2.6826957952797272e-08,23,VcH_p,6427.371860129295,+P,RPV_pop,3.8081009913226502,pop
z_nc,1.7540703276828984e-7,z_pc,2.6826957952797272e-08,23,VcH_np,10039.567021932164,+N+P,RPV_pop,4.001758239456684,pop
z_nc,3.386579597958863e-7,z_pc,5.179474679231202e-8,23,R_n_low,5.146423001599187e-7,low,R_n,5.146423001599187e-7,NA
z_nc,3.386579597958863e-7,z_pc,5.179474679231202e-8,23,R_p_low,9.423387151105254e-8,low,R_p,9.423387151105254e-8,NA
z_nc,3.386579597958863e-7,z_pc,5.179474679231202e-8,23,Q_n_low,0.00203321333791021,low,Q_n,0.00203321333791021,NA
z_nc,3.386579597958863e-7,z_pc,5.179474679231202e-8,23,Q_p_low,7.407266426296767e-5,low,Q_p,7.407266426296767e-5,NA
z_nc,3.386579597958863e-7,z_pc,5.179474679231202e-8,23,H_low,0.036478970535629374,low,H,0.036478970535629374,NA
z_nc,3.386579597958863e-7,z_pc,5.179474679231202e-8,23,V_b_low,0,low,PAV_conc,0,con
z_nc,3.386579597958863e-7,z_pc,5.179474679231202e-8,23,V_c_low,161255.901840204,low,RPV_conc,5.207518311629595,con
z_nc,3.386579597958863e-7,z_pc,5.179474679231202e-8,23,R_n_n,1.4856776082886684e-4,+N,R_n,1.4856776082886684e-4,NA
z_nc,3.386579597958863e-7,z_pc,5.179474679231202e-8,23,R_p_n,9.394897935094288e-8,+N,R_p,9.394897935094288e-8,NA
z_nc,3.386579597958863e-7,z_pc,5.179474679231202e-8,23,Q_n_n,0.03229525841743791,+N,Q_n,0.03229525841743791,NA
z_nc,3.386579597958863e-7,z_pc,5.179474679231202e-8,23,Q_p_n,7.407246219061727e-5,+N,Q_p,7.407246219061727e-5,NA
z_nc,3.386579597958863e-7,z_pc,5.179474679231202e-8,23,H_n,0.03658929434180557,+N,H,0.03658929434180557,NA
z_nc,3.386579597958863e-7,z_pc,5.179474679231202e-8,23,V_b_n,0,+N,PAV_conc,0,con
z_nc,3.386579597958863e-7,z_pc,5.179474679231202e-8,23,V_c_n,161217.6531541654,+N,RPV_conc,5.207415288667964,con
z_nc,3.386579597958863e-7,z_pc,5.179474679231202e-8,23,R_n_p,5.139186974216188e-7,+P,R_n,5.139186974216188e-7,NA
z_nc,3.386579597958863e-7,z_pc,5.179474679231202e-8,23,R_p_p,5.723706464722326e-6,+P,R_p,5.723706464722326e-6,NA
z_nc,3.386579597958863e-7,z_pc,5.179474679231202e-8,23,Q_n_p,0.0011011240241599158,+P,Q_n,0.0011011240241599158,NA
z_nc,3.386579597958863e-7,z_pc,5.179474679231202e-8,23,Q_p_p,0.004790411278326285,+P,Q_p,0.004790411278326285,NA
z_nc,3.386579597958863e-7,z_pc,5.179474679231202e-8,23,H_p,0.036529906770727816,+P,H,0.036529906770727816,NA
z_nc,3.386579597958863e-7,z_pc,5.179474679231202e-8,23,V_b_p,0,+P,PAV_conc,0,con
z_nc,3.386579597958863e-7,z_pc,5.179474679231202e-8,23,V_c_p,161955.49195210554,+P,RPV_conc,5.20939836119132,con
z_nc,3.386579597958863e-7,z_pc,5.179474679231202e-8,23,R_n_np,1.241543934435555e-4,+N+P,R_n,1.241543934435555e-4,NA
z_nc,3.386579597958863e-7,z_pc,5.179474679231202e-8,23,R_p_np,5.301502954671897e-6,+N+P,R_p,5.301502954671897e-6,NA
z_nc,3.386579597958863e-7,z_pc,5.179474679231202e-8,23,Q_n_np,0.001167076438933855,+N+P,Q_n,0.001167076438933855,NA
z_nc,3.386579597958863e-7,z_pc,5.179474679231202e-8,23,Q_p_np,8.081394478453677e-5,+N+P,Q_p,8.081394478453677e-5,NA
z_nc,3.386579597958863e-7,z_pc,5.179474679231202e-8,23,H_np,0.039190114985782586,+N+P,H,0.039190114985782586,NA
z_nc,3.386579597958863e-7,z_pc,5.179474679231202e-8,23,V_b_np,0,+N+P,PAV_conc,0,con
z_nc,3.386579597958863e-7,z_pc,5.179474679231202e-8,23,V_c_np,199463.00188199867,+N+P,RPV_conc,5.29986452811966,con
z_nc,3.386579597958863e-7,z_pc,5.179474679231202e-8,23,VbH_low,0,low,PAV_pop,0,pop
z_nc,3.386579597958863e-7,z_pc,5.179474679231202e-8,23,VbH_n,0,+N,PAV_pop,0,pop
z_nc,3.386579597958863e-7,z_pc,5.179474679231202e-8,23,VbH_p,0,+P,PAV_pop,0,pop
z_nc,3.386579597958863e-7,z_pc,5.179474679231202e-8,23,VbH_np,0,+N+P,PAV_pop,0,pop
z_nc,3.386579597958863e-7,z_pc,5.179474679231202e-8,23,VcH_low,5882.449291925144,low,RPV_pop,3.7696320147232045,pop
z_nc,3.386579597958863e-7,z_pc,5.179474679231202e-8,23,VcH_n,5898.840164352877,+N,RPV_pop,3.7708402461031887,pop
z_nc,3.386579597958863e-7,z_pc,5.179474679231202e-8,23,VcH_p,5916.2190220177745,+P,RPV_pop,3.7721176447026177,pop
z_nc,3.386579597958863e-7,z_pc,5.179474679231202e-8,23,VcH_np,7816.977979164896,+N+P,RPV_pop,3.89309444282421,pop
z_nc,6.538461538461538e-7,z_pc,1e-7,23,R_n_low,5.200786290904701e-7,low,R_n,5.200786290904701e-7,NA
z_nc,6.538461538461538e-7,z_pc,1e-7,23,R_p_low,9.522126662762225e-8,low,R_p,9.522126662762225e-8,NA
z_nc,6.538461538461538e-7,z_pc,1e-7,23,Q_n_low,0.0020492744122450443,low,Q_n,0.0020492744122450443,NA
z_nc,6.538461538461538e-7,z_pc,1e-7,23,Q_p_low,7.403933289842019e-5,low,Q_p,7.403933289842019e-5,NA
z_nc,6.538461538461538e-7,z_pc,1e-7,23,H_low,0.03610049955842083,low,H,0.03610049955842083,NA
z_nc,6.538461538461538e-7,z_pc,1e-7,23,V_b_low,0,low,PAV_conc,0,con
z_nc,6.538461538461538e-7,z_pc,1e-7,23,V_c_low,156126.18115268182,low,RPV_conc,5.193478518674151,con
z_nc,6.538461538461538e-7,z_pc,1e-7,23,R_n_n,1.5620461275997108e-4,+N,R_n,1.5620461275997108e-4,NA
z_nc,6.538461538461538e-7,z_pc,1e-7,23,R_p_n,9.492998533185158e-8,+N,R_p,9.492998533185158e-8,NA
z_nc,6.538461538461538e-7,z_pc,1e-7,23,Q_n_n,0.03241824134629946,+N,Q_n,0.03241824134629946,NA
z_nc,6.538461538461538e-7,z_pc,1e-7,23,Q_p_n,7.403921585109455e-5,+N,Q_p,7.403921585109455e-5,NA
z_nc,6.538461538461538e-7,z_pc,1e-7,23,H_n,0.03621097726794068,+N,H,0.03621097726794068,NA
z_nc,6.538461538461538e-7,z_pc,1e-7,23,V_b_n,0,+N,PAV_conc,0,con
z_nc,6.538461538461538e-7,z_pc,1e-7,23,V_c_n,156106.4917237634,+N,RPV_conc,5.193423745703144,con
z_nc,6.538461538461538e-7,z_pc,1e-7,23,R_n_p,5.196792600296336e-7,+P,R_n,5.196792600296336e-7,NA
z_nc,6.538461538461538e-7,z_pc,1e-7,23,R_p_p,5.799282999224935e-6,+P,R_p,5.799282999224935e-6,NA
z_nc,6.538461538461538e-7,z_pc,1e-7,23,Q_n_p,0.0011006113198539817,+P,Q_n,0.0011006113198539817,NA
z_nc,6.538461538461538e-7,z_pc,1e-7,23,Q_p_p,0.004839701266979986,+P,Q_p,0.004839701266979986,NA
z_nc,6.538461538461538e-7,z_pc,1e-7,23,H_p,0.036128015614598837,+P,H,0.036128015614598837,NA
z_nc,6.538461538461538e-7,z_pc,1e-7,23,V_b_p,0,+P,PAV_conc,0,con
z_nc,6.538461538461538e-7,z_pc,1e-7,23,V_c_p,156495.3866275519,+P,RPV_conc,5.194504314496961,con
z_nc,6.538461538461538e-7,z_pc,1e-7,23,R_n_np,1.422843501535794e-4,+N+P,R_n,1.422843501535794e-4,NA
z_nc,6.538461538461538e-7,z_pc,1e-7,23,R_p_np,5.544682389718764e-6,+N+P,R_p,5.544682389718764e-6,NA
z_nc,6.538461538461538e-7,z_pc,1e-7,23,Q_n_np,0.0011399279735942718,+N+P,Q_n,0.0011399279735942718,NA
z_nc,6.538461538461538e-7,z_pc,1e-7,23,Q_p_np,1.394563121577796e-4,+N+P,Q_p,1.394563121577796e-4,NA
z_nc,6.538461538461538e-7,z_pc,1e-7,23,H_np,0.03765005298247474,+N+P,H,0.03765005298247474,NA
z_nc,6.538461538461538e-7,z_pc,1e-7,23,V_b_np,0,+N+P,PAV_conc,0,con
z_nc,6.538461538461538e-7,z_pc,1e-7,23,V_c_np,176152.78602230005,+N+P,RPV_conc,5.245891981783077,con
z_nc,6.538461538461538e-7,z_pc,1e-7,23,VbH_low,0,low,PAV_pop,0,pop
z_nc,6.538461538461538e-7,z_pc,1e-7,23,VbH_n,0,+N,PAV_pop,0,pop
z_nc,6.538461538461538e-7,z_pc,1e-7,23,VbH_p,0,+P,PAV_pop,0,pop
z_nc,6.538461538461538e-7,z_pc,1e-7,23,VbH_np,0,+N+P,PAV_pop,0,pop
z_nc,6.538461538461538e-7,z_pc,1e-7,23,VcH_low,5636.233133760321,low,RPV_pop,3.751065995900905,pop
z_nc,6.538461538461538e-7,z_pc,1e-7,23,VcH_n,5652.768623187167,+N,RPV_pop,3.7523380312972607,pop
z_nc,6.538461538461538e-7,z_pc,1e-7,23,VcH_p,5653.867771692877,+P,RPV_pop,3.7524224542313185,pop
z_nc,6.538461538461538e-7,z_pc,1e-7,23,VcH_np,6632.161726750132,+N+P,RPV_pop,3.8217205861991617,pop
