param_foc1,param_val1,param_foc2,param_val2,variable2,nutrient,first,last,growth
z_nb,1.6e-18,z_pb,2.6e-19,RPV_conc,low,0,0,NA
z_nb,1.6e-18,z_pb,2.6e-19,RPV_conc,+N,0,0,NA
z_nb,1.6e-18,z_pb,2.6e-19,RPV_conc,+P,0,0,NA
z_nb,1.6e-18,z_pb,2.6e-19,RPV_conc,+N+P,0,0,NA
z_nb,1.6e-18,z_pb,2.6e-19,PAV_conc,low,500000,512653.1988964745,0.20617981392805498
z_nb,1.6e-18,z_pb,2.6e-19,PAV_conc,+N,500000,513112.85660654836,0.2135736564939949
z_nb,1.6e-18,z_pb,2.6e-19,PAV_conc,+P,500000,512653.1988964745,0.20617981392805498
z_nb,1.6e-18,z_pb,2.6e-19,PAV_conc,+N+P,500000,513112.85660654836,0.2135736564939949
z_nb,6.153846153846154e-18,z_pb,1e-18,RPV_conc,low,0,0,NA
z_nb,6.153846153846154e-18,z_pb,1e-18,RPV_conc,+N,0,0,NA
z_nb,6.153846153846154e-18,z_pb,1e-18,RPV_conc,+P,0,0,NA
z_nb,6.153846153846154e-18,z_pb,1e-18,RPV_conc,+N+P,0,0,NA
z_nb,6.153846153846154e-18,z_pb,1e-18,PAV_conc,low,500000,512653.19889632805,0.20617981392569837
z_nb,6.153846153846154e-18,z_pb,1e-18,PAV_conc,+N,500000,513112.8566062554,0.21357365648928417
z_nb,6.153846153846154e-18,z_pb,1e-18,PAV_conc,+P,500000,512653.19889632805,0.20617981392569837
z_nb,6.153846153846154e-18,z_pb,1e-18,PAV_conc,+N+P,500000,513112.8566062554,0.21357365648928417
z_nb,1.0318971918836941e-17,z_pb,1.6768329368110032e-18,RPV_conc,low,0,0,NA
z_nb,1.0318971918836941e-17,z_pb,1.6768329368110032e-18,RPV_conc,+N,0,0,NA
z_nb,1.0318971918836941e-17,z_pb,1.6768329368110032e-18,RPV_conc,+P,0,0,NA
z_nb,1.0318971918836941e-17,z_pb,1.6768329368110032e-18,RPV_conc,+N+P,0,0,NA
z_nb,1.0318971918836941e-17,z_pb,1.6768329368110032e-18,PAV_conc,low,500000,512653.19889634894,0.20617981392603427
z_nb,1.0318971918836941e-17,z_pb,1.6768329368110032e-18,PAV_conc,+N,500000,513112.85660635435,0.21357365649087462
z_nb,1.0318971918836941e-17,z_pb,1.6768329368110032e-18,PAV_conc,+P,500000,512653.19889634894,0.20617981392603427
z_nb,1.0318971918836941e-17,z_pb,1.6768329368110032e-18,PAV_conc,+N+P,500000,513112.85660635435,0.21357365649087462
z_nb,1.7303191987533763e-17,z_pb,2.8117686979742367e-18,RPV_conc,low,0,0,NA
z_nb,1.7303191987533763e-17,z_pb,2.8117686979742367e-18,RPV_conc,+N,0,0,NA
z_nb,1.7303191987533763e-17,z_pb,2.8117686979742367e-18,RPV_conc,+P,0,0,NA
z_nb,1.7303191987533763e-17,z_pb,2.8117686979742367e-18,RPV_conc,+N+P,0,0,NA
z_nb,1.7303191987533763e-17,z_pb,2.8117686979742367e-18,PAV_conc,low,500000,512653.19889636047,0.2061798139262201
z_nb,1.7303191987533763e-17,z_pb,2.8117686979742367e-18,PAV_conc,+N,500000,513112.8566064645,0.21357365649264543
z_nb,1.7303191987533763e-17,z_pb,2.8117686979742367e-18,PAV_conc,+P,500000,512653.19889636047,0.2061798139262201
z_nb,1.7303191987533763e-17,z_pb,2.8117686979742367e-18,PAV_conc,+N+P,500000,513112.8566064645,0.21357365649264543
z_nb,2.9014562236660857e-17,z_pb,4.71486636345739e-18,RPV_conc,low,0,0,NA
z_nb,2.9014562236660857e-17,z_pb,4.71486636345739e-18,RPV_conc,+N,0,0,NA
z_nb,2.9014562236660857e-17,z_pb,4.71486636345739e-18,RPV_conc,+P,0,0,NA
z_nb,2.9014562236660857e-17,z_pb,4.71486636345739e-18,RPV_conc,+N+P,0,0,NA
z_nb,2.9014562236660857e-17,z_pb,4.71486636345739e-18,PAV_conc,low,500000,512653.19889615563,0.20617981392292373
z_nb,2.9014562236660857e-17,z_pb,4.71486636345739e-18,PAV_conc,+N,500000,513112.85660611786,0.21357365648707247
z_nb,2.9014562236660857e-17,z_pb,4.71486636345739e-18,PAV_conc,+P,500000,512653.19889615563,0.20617981392292373
z_nb,2.9014562236660857e-17,z_pb,4.71486636345739e-18,PAV_conc,+N+P,500000,513112.85660611786,0.21357365648707247
z_nb,4.8652573605585654e-17,z_pb,7.90604321090767e-18,RPV_conc,low,0,0,NA
z_nb,4.8652573605585654e-17,z_pb,7.90604321090767e-18,RPV_conc,+N,0,0,NA
z_nb,4.8652573605585654e-17,z_pb,7.90604321090767e-18,RPV_conc,+P,0,0,NA
z_nb,4.8652573605585654e-17,z_pb,7.90604321090767e-18,RPV_conc,+N+P,0,0,NA
z_nb,4.8652573605585654e-17,z_pb,7.90604321090767e-18,PAV_conc,low,500000,512653.19889611885,0.20617981392233053
z_nb,4.8652573605585654e-17,z_pb,7.90604321090767e-18,PAV_conc,+N,500000,513112.85660626355,0.21357365648941626
z_nb,4.8652573605585654e-17,z_pb,7.90604321090767e-18,PAV_conc,+P,500000,512653.19889611885,0.20617981392233053
z_nb,4.8652573605585654e-17,z_pb,7.90604321090767e-18,PAV_conc,+N+P,500000,513112.85660626355,0.21357365648941626
z_nb,8.158223788246835e-17,z_pb,1.3257113655901108e-17,RPV_conc,low,0,0,NA
z_nb,8.158223788246835e-17,z_pb,1.3257113655901108e-17,RPV_conc,+N,0,0,NA
z_nb,8.158223788246835e-17,z_pb,1.3257113655901108e-17,RPV_conc,+P,0,0,NA
z_nb,8.158223788246835e-17,z_pb,1.3257113655901108e-17,RPV_conc,+N+P,0,0,NA
z_nb,8.158223788246835e-17,z_pb,1.3257113655901108e-17,PAV_conc,low,500000,512653.19889582327,0.20617981391757448
z_nb,8.158223788246835e-17,z_pb,1.3257113655901108e-17,PAV_conc,+N,500000,513112.8566059538,0.21357365648443596
z_nb,8.158223788246835e-17,z_pb,1.3257113655901108e-17,PAV_conc,+P,500000,512653.19889582327,0.20617981391757448
z_nb,8.158223788246835e-17,z_pb,1.3257113655901108e-17,PAV_conc,+N+P,500000,513112.8566059538,0.21357365648443596
z_nb,1.3679978354007328e-16,z_pb,2.222996482526191e-17,RPV_conc,low,0,0,NA
z_nb,1.3679978354007328e-16,z_pb,2.222996482526191e-17,RPV_conc,+N,0,0,NA
z_nb,1.3679978354007328e-16,z_pb,2.222996482526191e-17,RPV_conc,+P,0,0,NA
z_nb,1.3679978354007328e-16,z_pb,2.222996482526191e-17,RPV_conc,+N+P,0,0,NA
z_nb,1.3679978354007328e-16,z_pb,2.222996482526191e-17,PAV_conc,low,500000,512653.1988954558,0.20617981391166065
z_nb,1.3679978354007328e-16,z_pb,2.222996482526191e-17,PAV_conc,+N,500000,513112.85660573776,0.21357365648096224
z_nb,1.3679978354007328e-16,z_pb,2.222996482526191e-17,PAV_conc,+P,500000,512653.1988954558,0.20617981391166065
z_nb,1.3679978354007328e-16,z_pb,2.222996482526191e-17,PAV_conc,+N+P,500000,513112.85660573776,0.21357365648096224
z_nb,2.293903827886125e-16,z_pb,3.727593720314953e-17,RPV_conc,low,0,0,NA
z_nb,2.293903827886125e-16,z_pb,3.727593720314953e-17,RPV_conc,+N,0,0,NA
z_nb,2.293903827886125e-16,z_pb,3.727593720314953e-17,RPV_conc,+P,0,0,NA
z_nb,2.293903827886125e-16,z_pb,3.727593720314953e-17,RPV_conc,+N+P,0,0,NA
z_nb,2.293903827886125e-16,z_pb,3.727593720314953e-17,PAV_conc,low,500000,512653.1988946064,0.20617981389799095
z_nb,2.293903827886125e-16,z_pb,3.727593720314953e-17,PAV_conc,+N,500000,513112.8566048228,0.21357365646624982
z_nb,2.293903827886125e-16,z_pb,3.727593720314953e-17,PAV_conc,+P,500000,512653.1988946064,0.20617981389799095
z_nb,2.293903827886125e-16,z_pb,3.727593720314953e-17,PAV_conc,+N+P,500000,513112.8566048228,0.21357365646624982
z_nb,3.8464934924762925e-16,z_pb,6.250551925273976e-17,RPV_conc,low,0,0,NA
z_nb,3.8464934924762925e-16,z_pb,6.250551925273976e-17,RPV_conc,+N,0,0,NA
z_nb,3.8464934924762925e-16,z_pb,6.250551925273976e-17,RPV_conc,+P,0,0,NA
z_nb,3.8464934924762925e-16,z_pb,6.250551925273976e-17,RPV_conc,+N+P,0,0,NA
z_nb,3.8464934924762925e-16,z_pb,6.250551925273976e-17,PAV_conc,low,500000,512653.1988936024,0.20617981388183423
z_nb,3.8464934924762925e-16,z_pb,6.250551925273976e-17,PAV_conc,+N,500000,513112.8566042846,0.21357365645759765
z_nb,3.8464934924762925e-16,z_pb,6.250551925273976e-17,PAV_conc,+P,500000,512653.1988936024,0.20617981388183423
z_nb,3.8464934924762925e-16,z_pb,6.250551925273976e-17,PAV_conc,+N+P,500000,513112.8566042846,0.21357365645759765
z_nb,6.449926979413434e-16,z_pb,1.0481131341546832e-16,RPV_conc,low,0,0,NA
z_nb,6.449926979413434e-16,z_pb,1.0481131341546832e-16,RPV_conc,+N,0,0,NA
z_nb,6.449926979413434e-16,z_pb,1.0481131341546832e-16,RPV_conc,+P,0,0,NA
z_nb,6.449926979413434e-16,z_pb,1.0481131341546832e-16,RPV_conc,+N+P,0,0,NA
z_nb,6.449926979413434e-16,z_pb,1.0481131341546832e-16,PAV_conc,low,500000,512653.19889160607,0.2061798138497084
z_nb,6.449926979413434e-16,z_pb,1.0481131341546832e-16,PAV_conc,+N,500000,513112.856602641,0.21357365643116996
z_nb,6.449926979413434e-16,z_pb,1.0481131341546832e-16,PAV_conc,+P,500000,512653.19889160607,0.2061798138497084
z_nb,6.449926979413434e-16,z_pb,1.0481131341546832e-16,PAV_conc,+N+P,500000,513112.856602641,0.21357365643116996
z_nb,1.0815449999106395e-15,z_pb,1.7575106248547895e-16,RPV_conc,low,0,0,NA
z_nb,1.0815449999106395e-15,z_pb,1.7575106248547895e-16,RPV_conc,+N,0,0,NA
z_nb,1.0815449999106395e-15,z_pb,1.7575106248547895e-16,RPV_conc,+P,0,0,NA
z_nb,1.0815449999106395e-15,z_pb,1.7575106248547895e-16,RPV_conc,+N+P,0,0,NA
z_nb,1.0815449999106395e-15,z_pb,1.7575106248547895e-16,PAV_conc,low,500000,512653.19888843514,0.20617981379867978
z_nb,1.0815449999106395e-15,z_pb,1.7575106248547895e-16,PAV_conc,+N,500000,513112.8566003032,0.21357365639358386
z_nb,1.0815449999106395e-15,z_pb,1.7575106248547895e-16,PAV_conc,+P,500000,512653.19888843514,0.20617981379867978
z_nb,1.0815449999106395e-15,z_pb,1.7575106248547895e-16,PAV_conc,+N+P,500000,513112.8566003032,0.21357365639358386
z_nb,1.813570278493421e-15,z_pb,2.9470517025518096e-16,RPV_conc,low,0,0,NA
z_nb,1.813570278493421e-15,z_pb,2.9470517025518096e-16,RPV_conc,+N,0,0,NA
z_nb,1.813570278493421e-15,z_pb,2.9470517025518096e-16,RPV_conc,+P,0,0,NA
z_nb,1.813570278493421e-15,z_pb,2.9470517025518096e-16,RPV_conc,+N+P,0,0,NA
z_nb,1.813570278493421e-15,z_pb,2.9470517025518096e-16,PAV_conc,low,500000,512653.1988827902,0.20617981370783736
z_nb,1.813570278493421e-15,z_pb,2.9470517025518096e-16,PAV_conc,+N,500000,513112.8565956067,0.21357365631807074
z_nb,1.813570278493421e-15,z_pb,2.9470517025518096e-16,PAV_conc,+P,500000,512653.1988827902,0.20617981370783736
z_nb,1.813570278493421e-15,z_pb,2.9470517025518096e-16,PAV_conc,+N+P,500000,513112.8565956067,0.21357365631807074
z_nb,3.041054376199285e-15,z_pb,4.941713361323839e-16,RPV_conc,low,0,0,NA
z_nb,3.041054376199285e-15,z_pb,4.941713361323839e-16,RPV_conc,+N,0,0,NA
z_nb,3.041054376199285e-15,z_pb,4.941713361323839e-16,RPV_conc,+P,0,0,NA
z_nb,3.041054376199285e-15,z_pb,4.941713361323839e-16,RPV_conc,+N+P,0,0,NA
z_nb,3.041054376199285e-15,z_pb,4.941713361323839e-16,PAV_conc,low,500000,512653.1988735497,0.20617981355913054
z_nb,3.041054376199285e-15,z_pb,4.941713361323839e-16,PAV_conc,+N,500000,513112.85658826464,0.21357365620002333
z_nb,3.041054376199285e-15,z_pb,4.941713361323839e-16,PAV_conc,+P,500000,512653.1988735497,0.20617981355913054
z_nb,3.041054376199285e-15,z_pb,4.941713361323839e-16,PAV_conc,+N+P,500000,513112.85658826464,0.21357365620002333
z_nb,5.099340140644221e-15,z_pb,8.286427728546859e-16,RPV_conc,low,0,0,NA
z_nb,5.099340140644221e-15,z_pb,8.286427728546859e-16,RPV_conc,+N,0,0,NA
z_nb,5.099340140644221e-15,z_pb,8.286427728546859e-16,RPV_conc,+P,0,0,NA
z_nb,5.099340140644221e-15,z_pb,8.286427728546859e-16,RPV_conc,+N+P,0,0,NA
z_nb,5.099340140644221e-15,z_pb,8.286427728546859e-16,PAV_conc,low,500000,512653.1988583527,0.20617981331456975
z_nb,5.099340140644221e-15,z_pb,8.286427728546859e-16,PAV_conc,+N,500000,513112.8565766589,0.21357365601342276
z_nb,5.099340140644221e-15,z_pb,8.286427728546859e-16,PAV_conc,+P,500000,512653.1988583527,0.20617981331456975
z_nb,5.099340140644221e-15,z_pb,8.286427728546859e-16,PAV_conc,+N+P,500000,513112.8565766589,0.21357365601342276
z_nb,8.550741503834682e-15,z_pb,1.389495494373136e-15,RPV_conc,low,0,0,NA
z_nb,8.550741503834682e-15,z_pb,1.389495494373136e-15,RPV_conc,+N,0,0,NA
z_nb,8.550741503834682e-15,z_pb,1.389495494373136e-15,RPV_conc,+P,0,0,NA
z_nb,8.550741503834682e-15,z_pb,1.389495494373136e-15,RPV_conc,+N+P,0,0,NA
z_nb,8.550741503834682e-15,z_pb,1.389495494373136e-15,PAV_conc,low,500000,512653.19883251155,0.20617981289871526
z_nb,8.550741503834682e-15,z_pb,1.389495494373136e-15,PAV_conc,+N,500000,513112.8565563489,0.2135736556868704
z_nb,8.550741503834682e-15,z_pb,1.389495494373136e-15,PAV_conc,+P,500000,512653.19883251155,0.20617981289871526
z_nb,8.550741503834682e-15,z_pb,1.389495494373136e-15,PAV_conc,+N+P,500000,513112.8565563489,0.2135736556868704
z_nb,1.4338164987786904e-14,z_pb,2.329951810515372e-15,RPV_conc,low,0,0,NA
z_nb,1.4338164987786904e-14,z_pb,2.329951810515372e-15,RPV_conc,+N,0,0,NA
z_nb,1.4338164987786904e-14,z_pb,2.329951810515372e-15,RPV_conc,+P,0,0,NA
z_nb,1.4338164987786904e-14,z_pb,2.329951810515372e-15,RPV_conc,+N+P,0,0,NA
z_nb,1.4338164987786904e-14,z_pb,2.329951810515372e-15,PAV_conc,low,500000,512653.19878922653,0.20617981220213988
z_nb,1.4338164987786904e-14,z_pb,2.329951810515372e-15,PAV_conc,+N,500000,513112.85652240197,0.21357365514106166
z_nb,1.4338164987786904e-14,z_pb,2.329951810515372e-15,PAV_conc,+P,500000,512653.19878922653,0.20617981220213988
z_nb,1.4338164987786904e-14,z_pb,2.329951810515372e-15,PAV_conc,+N+P,500000,513112.85652240197,0.21357365514106166
z_nb,2.4042707304951512e-14,z_pb,3.906939937054621e-15,RPV_conc,low,0,0,NA
z_nb,2.4042707304951512e-14,z_pb,3.906939937054621e-15,RPV_conc,+N,0,0,NA
z_nb,2.4042707304951512e-14,z_pb,3.906939937054621e-15,RPV_conc,+P,0,0,NA
z_nb,2.4042707304951512e-14,z_pb,3.906939937054621e-15,RPV_conc,+N+P,0,0,NA
z_nb,2.4042707304951512e-14,z_pb,3.906939937054621e-15,PAV_conc,low,500000,512653.19871659635,0.20617981103331962
z_nb,2.4042707304951512e-14,z_pb,3.906939937054621e-15,PAV_conc,+N,500000,513112.85646536446,0.2135736542239921
z_nb,2.4042707304951512e-14,z_pb,3.906939937054621e-15,PAV_conc,+P,500000,512653.19871659635,0.20617981103331962
z_nb,2.4042707304951512e-14,z_pb,3.906939937054621e-15,PAV_conc,+N+P,500000,513112.85646536446,0.2135736542239921
z_nb,4.03156034990492e-14,z_pb,6.5512855685954955e-15,RPV_conc,low,0,0,NA
z_nb,4.03156034990492e-14,z_pb,6.5512855685954955e-15,RPV_conc,+N,0,0,NA
z_nb,4.03156034990492e-14,z_pb,6.5512855685954955e-15,RPV_conc,+P,0,0,NA
z_nb,4.03156034990492e-14,z_pb,6.5512855685954955e-15,RPV_conc,+N+P,0,0,NA
z_nb,4.03156034990492e-14,z_pb,6.5512855685954955e-15,PAV_conc,low,500000,512653.1985948431,0.20617980907397457
z_nb,4.03156034990492e-14,z_pb,6.5512855685954955e-15,PAV_conc,+N,500000,513112.85636980494,0.21357365268755538
z_nb,4.03156034990492e-14,z_pb,6.5512855685954955e-15,PAV_conc,+P,500000,512653.1985948431,0.20617980907397457
z_nb,4.03156034990492e-14,z_pb,6.5512855685954955e-15,PAV_conc,+N+P,500000,513112.85636980494,0.21357365268755538
z_nb,6.760253181461891e-14,z_pb,1.0985411419875573e-14,RPV_conc,low,0,0,NA
z_nb,6.760253181461891e-14,z_pb,1.0985411419875573e-14,RPV_conc,+N,0,0,NA
z_nb,6.760253181461891e-14,z_pb,1.0985411419875573e-14,RPV_conc,+P,0,0,NA
z_nb,6.760253181461891e-14,z_pb,1.0985411419875573e-14,RPV_conc,+N+P,0,0,NA
z_nb,6.760253181461891e-14,z_pb,1.0985411419875573e-14,PAV_conc,low,500000,512653.1983906199,0.20617980578746167
z_nb,6.760253181461891e-14,z_pb,1.0985411419875573e-14,PAV_conc,+N,500000,513112.8562094183,0.21357365010880613
z_nb,6.760253181461891e-14,z_pb,1.0985411419875573e-14,PAV_conc,+P,500000,512653.1983906199,0.20617980578746167
z_nb,6.760253181461891e-14,z_pb,1.0985411419875573e-14,PAV_conc,+N+P,500000,513112.8562094183,0.21357365010880613
z_nb,1.1335815195856715e-13,z_pb,1.8420699693267163e-14,RPV_conc,low,0,0,NA
z_nb,1.1335815195856715e-13,z_pb,1.8420699693267163e-14,RPV_conc,+N,0,0,NA
z_nb,1.1335815195856715e-13,z_pb,1.8420699693267163e-14,RPV_conc,+P,0,0,NA
z_nb,1.1335815195856715e-13,z_pb,1.8420699693267163e-14,RPV_conc,+N+P,0,0,NA
z_nb,1.1335815195856715e-13,z_pb,1.8420699693267163e-14,PAV_conc,low,500000,512653.1980483541,0.206179800279464
z_nb,1.1335815195856715e-13,z_pb,1.8420699693267163e-14,PAV_conc,+N,500000,513112.85594090924,0.213573645791627
z_nb,1.1335815195856715e-13,z_pb,1.8420699693267163e-14,PAV_conc,+P,500000,512653.1980483541,0.206179800279464
z_nb,1.1335815195856715e-13,z_pb,1.8420699693267163e-14,PAV_conc,+N+P,500000,513112.85594090924,0.213573645791627
z_nb,1.9008268286015211e-13,z_pb,3.088843596477472e-14,RPV_conc,low,0,0,NA
z_nb,1.9008268286015211e-13,z_pb,3.088843596477472e-14,RPV_conc,+N,0,0,NA
z_nb,1.9008268286015211e-13,z_pb,3.088843596477472e-14,RPV_conc,+P,0,0,NA
z_nb,1.9008268286015211e-13,z_pb,3.088843596477472e-14,RPV_conc,+N+P,0,0,NA
z_nb,1.9008268286015211e-13,z_pb,3.088843596477472e-14,PAV_conc,low,500000,512653.1974742839,0.2061797910410967
z_nb,1.9008268286015211e-13,z_pb,3.088843596477472e-14,PAV_conc,+N,500000,513112.8554903144,0.21357363854681166
z_nb,1.9008268286015211e-13,z_pb,3.088843596477472e-14,PAV_conc,+P,500000,512653.1974742839,0.2061797910410967
z_nb,1.9008268286015211e-13,z_pb,3.088843596477472e-14,PAV_conc,+N+P,500000,513112.8554903144,0.21357363854681166
z_nb,3.18736903337306e-13,z_pb,5.179474679231223e-14,RPV_conc,low,0,0,NA
z_nb,3.18736903337306e-13,z_pb,5.179474679231223e-14,RPV_conc,+N,0,0,NA
z_nb,3.18736903337306e-13,z_pb,5.179474679231223e-14,RPV_conc,+P,0,0,NA
z_nb,3.18736903337306e-13,z_pb,5.179474679231223e-14,RPV_conc,+N+P,0,0,NA
z_nb,3.18736903337306e-13,z_pb,5.179474679231223e-14,PAV_conc,low,500000,512653.19651176024,0.2061797755514425
z_nb,3.18736903337306e-13,z_pb,5.179474679231223e-14,PAV_conc,+N,500000,513112.8547349712,0.2135736264021507
z_nb,3.18736903337306e-13,z_pb,5.179474679231223e-14,PAV_conc,+P,500000,512653.19651176024,0.2061797755514425
z_nb,3.18736903337306e-13,z_pb,5.179474679231223e-14,PAV_conc,+N+P,500000,513112.8547349712,0.2135736264021507
z_nb,5.344685376931396e-13,z_pb,8.68511373751352e-14,RPV_conc,low,0,0,NA
z_nb,5.344685376931396e-13,z_pb,8.68511373751352e-14,RPV_conc,+N,0,0,NA
z_nb,5.344685376931396e-13,z_pb,8.68511373751352e-14,RPV_conc,+P,0,0,NA
z_nb,5.344685376931396e-13,z_pb,8.68511373751352e-14,RPV_conc,+N+P,0,0,NA
z_nb,5.344685376931396e-13,z_pb,8.68511373751352e-14,PAV_conc,low,500000,512653.1948974748,0.2061797495731489
z_nb,5.344685376931396e-13,z_pb,8.68511373751352e-14,PAV_conc,+N,500000,513112.8534676928,0.21357360602642503
z_nb,5.344685376931396e-13,z_pb,8.68511373751352e-14,PAV_conc,+P,500000,512653.1948974748,0.2061797495731489
z_nb,5.344685376931396e-13,z_pb,8.68511373751352e-14,PAV_conc,+N+P,500000,513112.8534676928,0.21357360602642503
z_nb,8.962144476930735e-13,z_pb,1.4563484775012445e-13,RPV_conc,low,0,0,NA
z_nb,8.962144476930735e-13,z_pb,1.4563484775012445e-13,RPV_conc,+N,0,0,NA
z_nb,8.962144476930735e-13,z_pb,1.4563484775012445e-13,RPV_conc,+P,0,0,NA
z_nb,8.962144476930735e-13,z_pb,1.4563484775012445e-13,RPV_conc,+N+P,0,0,NA
z_nb,8.962144476930735e-13,z_pb,1.4563484775012445e-13,PAV_conc,low,500000,512653.19219087623,0.2061797060165342
z_nb,8.962144476930735e-13,z_pb,1.4563484775012445e-13,PAV_conc,+N,500000,513112.85134337115,0.21357357187087198
z_nb,8.962144476930735e-13,z_pb,1.4563484775012445e-13,PAV_conc,+P,500000,512653.19219087623,0.2061797060165342
z_nb,8.962144476930735e-13,z_pb,1.4563484775012445e-13,PAV_conc,+N+P,500000,513112.85134337115,0.21357357187087198
z_nb,1.5028019043376337e-12,z_pb,2.442053094548655e-13,RPV_conc,low,0,0,NA
z_nb,1.5028019043376337e-12,z_pb,2.442053094548655e-13,RPV_conc,+N,0,0,NA
z_nb,1.5028019043376337e-12,z_pb,2.442053094548655e-13,RPV_conc,+P,0,0,NA
z_nb,1.5028019043376337e-12,z_pb,2.442053094548655e-13,RPV_conc,+N+P,0,0,NA
z_nb,1.5028019043376337e-12,z_pb,2.442053094548655e-13,PAV_conc,low,500000,512653.1876523601,0.2061796329793256
z_nb,1.5028019043376337e-12,z_pb,2.442053094548655e-13,PAV_conc,+N,500000,513112.8477812561,0.21357351459799492
z_nb,1.5028019043376337e-12,z_pb,2.442053094548655e-13,PAV_conc,+P,500000,512653.1876523601,0.2061796329793256
z_nb,1.5028019043376337e-12,z_pb,2.442053094548655e-13,PAV_conc,+N+P,500000,513112.8477812561,0.21357351459799492
z_nb,2.519947730695642e-12,z_pb,4.094915062380419e-13,RPV_conc,low,0,0,NA
z_nb,2.519947730695642e-12,z_pb,4.094915062380419e-13,RPV_conc,+N,0,0,NA
z_nb,2.519947730695642e-12,z_pb,4.094915062380419e-13,RPV_conc,+P,0,0,NA
z_nb,2.519947730695642e-12,z_pb,4.094915062380419e-13,RPV_conc,+N+P,0,0,NA
z_nb,2.519947730695642e-12,z_pb,4.094915062380419e-13,PAV_conc,low,500000,512653.18004193174,0.20617951050659694
z_nb,2.519947730695642e-12,z_pb,4.094915062380419e-13,PAV_conc,+N,500000,513112.8418080255,0.21357341855839515
z_nb,2.519947730695642e-12,z_pb,4.094915062380419e-13,PAV_conc,+P,500000,512653.18004193174,0.20617951050659694
z_nb,2.519947730695642e-12,z_pb,4.094915062380419e-13,PAV_conc,+N+P,500000,513112.8418080255,0.21357341855839515
z_nb,4.225531353872614e-12,z_pb,6.866488450042998e-13,RPV_conc,low,0,0,NA
z_nb,4.225531353872614e-12,z_pb,6.866488450042998e-13,RPV_conc,+N,0,0,NA
z_nb,4.225531353872614e-12,z_pb,6.866488450042998e-13,RPV_conc,+P,0,0,NA
z_nb,4.225531353872614e-12,z_pb,6.866488450042998e-13,RPV_conc,+N+P,0,0,NA
z_nb,4.225531353872614e-12,z_pb,6.866488450042998e-13,PAV_conc,low,500000,512653.1672804531,0.20617930513929542
z_nb,4.225531353872614e-12,z_pb,6.866488450042998e-13,PAV_conc,+N,500000,513112.83179195685,0.21357325751668976
z_nb,4.225531353872614e-12,z_pb,6.866488450042998e-13,PAV_conc,+P,500000,512653.1672804531,0.20617930513929542
z_nb,4.225531353872614e-12,z_pb,6.866488450042998e-13,PAV_conc,+N+P,500000,513112.83179195685,0.21357325751668976
z_nb,7.0855101497012184e-12,z_pb,1.151395399326448e-12,RPV_conc,low,0,0,NA
z_nb,7.0855101497012184e-12,z_pb,1.151395399326448e-12,RPV_conc,+N,0,0,NA
z_nb,7.0855101497012184e-12,z_pb,1.151395399326448e-12,RPV_conc,+P,0,0,NA
z_nb,7.0855101497012184e-12,z_pb,1.151395399326448e-12,RPV_conc,+N+P,0,0,NA
z_nb,7.0855101497012184e-12,z_pb,1.151395399326448e-12,PAV_conc,low,500000,512653.1458812612,0.2061789607674124
z_nb,7.0855101497012184e-12,z_pb,1.151395399326448e-12,PAV_conc,+N,500000,513112.81499644276,0.2135729874727834
z_nb,7.0855101497012184e-12,z_pb,1.151395399326448e-12,PAV_conc,+P,500000,512653.1458812612,0.2061789607674124
z_nb,7.0855101497012184e-12,z_pb,1.151395399326448e-12,PAV_conc,+N+P,500000,513112.81499644276,0.2135729874727834
z_nb,1.1881216793127664e-11,z_pb,1.9306977288832456e-12,RPV_conc,low,0,0,NA
z_nb,1.1881216793127664e-11,z_pb,1.9306977288832456e-12,RPV_conc,+N,0,0,NA
z_nb,1.1881216793127664e-11,z_pb,1.9306977288832456e-12,RPV_conc,+P,0,0,NA
z_nb,1.1881216793127664e-11,z_pb,1.9306977288832456e-12,RPV_conc,+N+P,0,0,NA
z_nb,1.1881216793127664e-11,z_pb,1.9306977288832456e-12,PAV_conc,low,500000,512653.1099972556,0.2061783832949859
z_nb,1.1881216793127664e-11,z_pb,1.9306977288832456e-12,PAV_conc,+N,500000,513112.78683196125,0.2135725346347872
z_nb,1.1881216793127664e-11,z_pb,1.9306977288832456e-12,PAV_conc,+P,500000,512653.1099972556,0.2061783832949859
z_nb,1.1881216793127664e-11,z_pb,1.9306977288832456e-12,PAV_conc,+N+P,500000,513112.78683196125,0.2135725346347872
z_nb,1.9922815648108635e-11,z_pb,3.2374575428176534e-12,RPV_conc,low,0,0,NA
z_nb,1.9922815648108635e-11,z_pb,3.2374575428176534e-12,RPV_conc,+N,0,0,NA
z_nb,1.9922815648108635e-11,z_pb,3.2374575428176534e-12,RPV_conc,+P,0,0,NA
z_nb,1.9922815648108635e-11,z_pb,3.2374575428176534e-12,RPV_conc,+N+P,0,0,NA
z_nb,1.9922815648108635e-11,z_pb,3.2374575428176534e-12,PAV_conc,low,500000,512653.04982388124,0.206177414939663
z_nb,1.9922815648108635e-11,z_pb,3.2374575428176534e-12,PAV_conc,+N,500000,513112.7396045216,0.21357177529609042
z_nb,1.9922815648108635e-11,z_pb,3.2374575428176534e-12,PAV_conc,+P,500000,512653.04982388124,0.206177414939663
z_nb,1.9922815648108635e-11,z_pb,3.2374575428176534e-12,PAV_conc,+N+P,500000,513112.7396045216,0.21357177529609042
z_nb,3.340723347276221e-11,z_pb,5.428675439323859e-12,RPV_conc,low,0,0,NA
z_nb,3.340723347276221e-11,z_pb,5.428675439323859e-12,RPV_conc,+N,0,0,NA
z_nb,3.340723347276221e-11,z_pb,5.428675439323859e-12,RPV_conc,+P,0,0,NA
z_nb,3.340723347276221e-11,z_pb,5.428675439323859e-12,RPV_conc,+N+P,0,0,NA
z_nb,3.340723347276221e-11,z_pb,5.428675439323859e-12,PAV_conc,low,500000,512652.9489162399,0.20617579105753958
z_nb,3.340723347276221e-11,z_pb,5.428675439323859e-12,PAV_conc,+N,500000,513112.6604072716,0.2135705019358457
z_nb,3.340723347276221e-11,z_pb,5.428675439323859e-12,PAV_conc,+P,500000,512652.9489162399,0.20617579105753958
z_nb,3.340723347276221e-11,z_pb,5.428675439323859e-12,PAV_conc,+N+P,500000,513112.6604072716,0.2135705019358457
z_nb,5.6018349414862925e-11,z_pb,9.102981779915226e-12,RPV_conc,low,0,0,NA
z_nb,5.6018349414862925e-11,z_pb,9.102981779915226e-12,RPV_conc,+N,0,0,NA
z_nb,5.6018349414862925e-11,z_pb,9.102981779915226e-12,RPV_conc,+P,0,0,NA
z_nb,5.6018349414862925e-11,z_pb,9.102981779915226e-12,RPV_conc,+N+P,0,0,NA
z_nb,5.6018349414862925e-11,z_pb,9.102981779915226e-12,PAV_conc,low,500000,512652.7796919871,0.20617306777209035
z_nb,5.6018349414862925e-11,z_pb,9.102981779915226e-12,PAV_conc,+N,500000,513112.5275947331,0.21356836653037192
z_nb,5.6018349414862925e-11,z_pb,9.102981779915226e-12,PAV_conc,+P,500000,512652.7796919871,0.20617306777209035
z_nb,5.6018349414862925e-11,z_pb,9.102981779915226e-12,PAV_conc,+N+P,500000,513112.5275947331,0.21356836653037192
z_nb,9.393341336462992e-11,z_pb,1.5264179671752364e-11,RPV_conc,low,0,0,NA
z_nb,9.393341336462992e-11,z_pb,1.5264179671752364e-11,RPV_conc,+N,0,0,NA
z_nb,9.393341336462992e-11,z_pb,1.5264179671752364e-11,RPV_conc,+P,0,0,NA
z_nb,9.393341336462992e-11,z_pb,1.5264179671752364e-11,RPV_conc,+N+P,0,0,NA
z_nb,9.393341336462992e-11,z_pb,1.5264179671752364e-11,PAV_conc,low,500000,512652.49587780534,0.20616850041628929
z_nb,9.393341336462992e-11,z_pb,1.5264179671752364e-11,PAV_conc,+N,500000,513112.30485685566,0.21356478527326128
z_nb,9.393341336462992e-11,z_pb,1.5264179671752364e-11,PAV_conc,+P,500000,512652.49587780534,0.20616850041628929
z_nb,9.393341336462992e-11,z_pb,1.5264179671752364e-11,PAV_conc,+N+P,500000,513112.30485685566,0.21356478527326128
z_nb,1.5751064139689435e-10,z_pb,2.5595479226995332e-11,RPV_conc,low,0,0,NA
z_nb,1.5751064139689435e-10,z_pb,2.5595479226995332e-11,RPV_conc,+N,0,0,NA
z_nb,1.5751064139689435e-10,z_pb,2.5595479226995332e-11,RPV_conc,+P,0,0,NA
z_nb,1.5751064139689435e-10,z_pb,2.5595479226995332e-11,RPV_conc,+N+P,0,0,NA
z_nb,1.5751064139689435e-10,z_pb,2.5595479226995332e-11,PAV_conc,low,500000,512652.01981819863,0.2061608392937731
z_nb,1.5751064139689435e-10,z_pb,2.5595479226995332e-11,PAV_conc,+N,500000,513111.9312681533,0.2135587785805999
z_nb,1.5751064139689435e-10,z_pb,2.5595479226995332e-11,PAV_conc,+P,500000,512652.01981819863,0.2061608392937731
z_nb,1.5751064139689435e-10,z_pb,2.5595479226995332e-11,PAV_conc,+N+P,500000,513111.9312681533,0.2135587785805999
z_nb,2.641190313925402e-10,z_pb,4.2919342601287785e-11,RPV_conc,low,0,0,NA
z_nb,2.641190313925402e-10,z_pb,4.2919342601287785e-11,RPV_conc,+N,0,0,NA
z_nb,2.641190313925402e-10,z_pb,4.2919342601287785e-11,RPV_conc,+P,0,0,NA
z_nb,2.641190313925402e-10,z_pb,4.2919342601287785e-11,RPV_conc,+N+P,0,0,NA
z_nb,2.641190313925402e-10,z_pb,4.2919342601287785e-11,PAV_conc,low,500000,512651.221120377,0.20614798600946543
z_nb,2.641190313925402e-10,z_pb,4.2919342601287785e-11,PAV_conc,+N,500000,513111.30455625104,0.21354870207285154
z_nb,2.641190313925402e-10,z_pb,4.2919342601287785e-11,PAV_conc,+P,500000,512651.221120377,0.20614798600946543
z_nb,2.641190313925402e-10,z_pb,4.2919342601287785e-11,PAV_conc,+N+P,500000,513111.30455625104,0.21354870207285154
z_nb,4.4288349107763246e-10,z_pb,7.196856730011528e-11,RPV_conc,low,0,0,NA
z_nb,4.4288349107763246e-10,z_pb,7.196856730011528e-11,RPV_conc,+N,0,0,NA
z_nb,4.4288349107763246e-10,z_pb,7.196856730011528e-11,RPV_conc,+P,0,0,NA
z_nb,4.4288349107763246e-10,z_pb,7.196856730011528e-11,RPV_conc,+N+P,0,0,NA
z_nb,4.4288349107763246e-10,z_pb,7.196856730011528e-11,PAV_conc,low,500000,512649.88063279673,0.20612641376591995
z_nb,4.4288349107763246e-10,z_pb,7.196856730011528e-11,PAV_conc,+N,500000,513110.2529162169,0.21353179338443293
z_nb,4.4288349107763246e-10,z_pb,7.196856730011528e-11,PAV_conc,+P,500000,512649.88063279673,0.20612641376591995
z_nb,4.4288349107763246e-10,z_pb,7.196856730011528e-11,PAV_conc,+N+P,500000,513110.2529162169,0.21353179338443293
z_nb,7.426416250088162e-10,z_pb,1.2067926406393264e-10,RPV_conc,low,0,0,NA
z_nb,7.426416250088162e-10,z_pb,1.2067926406393264e-10,RPV_conc,+N,0,0,NA
z_nb,7.426416250088162e-10,z_pb,1.2067926406393264e-10,RPV_conc,+P,0,0,NA
z_nb,7.426416250088162e-10,z_pb,1.2067926406393264e-10,RPV_conc,+N+P,0,0,NA
z_nb,7.426416250088162e-10,z_pb,1.2067926406393264e-10,PAV_conc,low,500000,512647.6294218164,0.20609018527534947
z_nb,7.426416250088162e-10,z_pb,1.2067926406393264e-10,PAV_conc,+N,500000,513108.4873662833,0.2135034060896383
z_nb,7.426416250088162e-10,z_pb,1.2067926406393264e-10,PAV_conc,+P,500000,512647.6294218164,0.20609018527534947
z_nb,7.426416250088162e-10,z_pb,1.2067926406393264e-10,PAV_conc,+N+P,500000,513108.4873662833,0.2135034060896383
z_nb,1.245285937061634e-9,z_pb,2.0235896477251556e-10,RPV_conc,low,0,0,NA
z_nb,1.245285937061634e-9,z_pb,2.0235896477251556e-10,RPV_conc,+N,0,0,NA
z_nb,1.245285937061634e-9,z_pb,2.0235896477251556e-10,RPV_conc,+P,0,0,NA
z_nb,1.245285937061634e-9,z_pb,2.0235896477251556e-10,RPV_conc,+N+P,0,0,NA
z_nb,1.245285937061634e-9,z_pb,2.0235896477251556e-10,PAV_conc,low,500000,512643.84460176283,0.20602927622415115
z_nb,1.245285937061634e-9,z_pb,2.0235896477251556e-10,PAV_conc,+N,500000,513105.5207908887,0.2134557079549187
z_nb,1.245285937061634e-9,z_pb,2.0235896477251556e-10,PAV_conc,+P,500000,512643.84460176283,0.20602927622415115
z_nb,1.245285937061634e-9,z_pb,2.0235896477251556e-10,PAV_conc,+N+P,500000,513105.5207908887,0.2134557079549187
z_nb,2.08813647501251e-9,z_pb,3.3932217718953296e-10,RPV_conc,low,0,0,NA
z_nb,2.08813647501251e-9,z_pb,3.3932217718953296e-10,RPV_conc,+N,0,0,NA
z_nb,2.08813647501251e-9,z_pb,3.3932217718953296e-10,RPV_conc,+P,0,0,NA
z_nb,2.08813647501251e-9,z_pb,3.3932217718953296e-10,RPV_conc,+N+P,0,0,NA
z_nb,2.08813647501251e-9,z_pb,3.3932217718953296e-10,PAV_conc,low,500000,512637.4687387086,0.20592666854075092
z_nb,2.08813647501251e-9,z_pb,3.3932217718953296e-10,PAV_conc,+N,500000,513100.52903141844,0.21337544723995458
z_nb,2.08813647501251e-9,z_pb,3.3932217718953296e-10,PAV_conc,+P,500000,512637.4687387086,0.20592666854075092
z_nb,2.08813647501251e-9,z_pb,3.3932217718953296e-10,PAV_conc,+N+P,500000,513100.52903141844,0.21337544723995458
z_nb,3.5014560178574182e-9,z_pb,5.689866029018305e-10,RPV_conc,low,0,0,NA
z_nb,3.5014560178574182e-9,z_pb,5.689866029018305e-10,RPV_conc,+N,0,0,NA
z_nb,3.5014560178574182e-9,z_pb,5.689866029018305e-10,RPV_conc,+P,0,0,NA
z_nb,3.5014560178574182e-9,z_pb,5.689866029018305e-10,RPV_conc,+N+P,0,0,NA
z_nb,3.5014560178574182e-9,z_pb,5.689866029018305e-10,PAV_conc,low,500000,512626.683208744,0.20575309254661708
z_nb,3.5014560178574182e-9,z_pb,5.689866029018305e-10,PAV_conc,+N,500000,513092.10898212326,0.2132400625098092
z_nb,3.5014560178574182e-9,z_pb,5.689866029018305e-10,PAV_conc,+P,500000,512626.683208744,0.20575309254661708
z_nb,3.5014560178574182e-9,z_pb,5.689866029018305e-10,PAV_conc,+N+P,500000,513092.10898212326,0.2132400625098092
z_nb,5.871356777538415e-9,z_pb,9.540954763499925e-10,RPV_conc,low,0,0,NA
z_nb,5.871356777538415e-9,z_pb,9.540954763499925e-10,RPV_conc,+N,0,0,NA
z_nb,5.871356777538415e-9,z_pb,9.540954763499925e-10,RPV_conc,+P,0,0,NA
z_nb,5.871356777538415e-9,z_pb,9.540954763499925e-10,RPV_conc,+N+P,0,0,NA
z_nb,5.871356777538415e-9,z_pb,9.540954763499925e-10,PAV_conc,low,500000,512608.44132201775,0.2054595100075373
z_nb,5.871356777538415e-9,z_pb,9.540954763499925e-10,PAV_conc,+N,500000,513077.7599451763,0.2130093413428682
z_nb,5.871356777538415e-9,z_pb,9.540954763499925e-10,PAV_conc,+P,500000,512608.44132201775,0.2054595100075373
z_nb,5.871356777538415e-9,z_pb,9.540954763499925e-10,PAV_conc,+N+P,500000,513077.7599451763,0.2130093413428682
z_nb,9.845284428344968e-9,z_pb,1.5998587196060573e-9,RPV_conc,low,0,0,NA
z_nb,9.845284428344968e-9,z_pb,1.5998587196060573e-9,RPV_conc,+N,0,0,NA
z_nb,9.845284428344968e-9,z_pb,1.5998587196060573e-9,RPV_conc,+P,0,0,NA
z_nb,9.845284428344968e-9,z_pb,1.5998587196060573e-9,RPV_conc,+N+P,0,0,NA
z_nb,9.845284428344968e-9,z_pb,1.5998587196060573e-9,PAV_conc,low,500000,512577.9915239852,0.20496943166511286
z_nb,9.845284428344968e-9,z_pb,1.5998587196060573e-9,PAV_conc,+N,500000,513053.59906675766,0.2126208389445335
z_nb,9.845284428344968e-9,z_pb,1.5998587196060573e-9,PAV_conc,+P,500000,512577.9915239852,0.20496943166511286
z_nb,9.845284428344968e-9,z_pb,1.5998587196060573e-9,PAV_conc,+N+P,500000,513053.59906675766,0.2126208389445335
z_nb,1.65088972017214e-8,z_pb,2.6826957952797275e-9,RPV_conc,low,0,0,NA
z_nb,1.65088972017214e-8,z_pb,2.6826957952797275e-9,RPV_conc,+N,0,0,NA
z_nb,1.65088972017214e-8,z_pb,2.6826957952797275e-9,RPV_conc,+P,0,0,NA
z_nb,1.65088972017214e-8,z_pb,2.6826957952797275e-9,RPV_conc,+N+P,0,0,NA
z_nb,1.65088972017214e-8,z_pb,2.6826957952797275e-9,PAV_conc,low,500000,512524.5715761909,0.2041095868348181
z_nb,1.65088972017214e-8,z_pb,2.6826957952797275e-9,PAV_conc,+N,500000,513011.94674210186,0.211951034408161
z_nb,1.65088972017214e-8,z_pb,2.6826957952797275e-9,PAV_conc,+P,500000,512524.5715761909,0.2041095868348181
z_nb,1.65088972017214e-8,z_pb,2.6826957952797275e-9,PAV_conc,+N+P,500000,513011.94674210186,0.211951034408161
z_nb,2.7682662578273554e-8,z_pb,4.498432668969453e-9,RPV_conc,low,0,0,NA
z_nb,2.7682662578273554e-8,z_pb,4.498432668969453e-9,RPV_conc,+N,0,0,NA
z_nb,2.7682662578273554e-8,z_pb,4.498432668969453e-9,RPV_conc,+P,0,0,NA
z_nb,2.7682662578273554e-8,z_pb,4.498432668969453e-9,RPV_conc,+N+P,0,0,NA
z_nb,2.7682662578273554e-8,z_pb,4.498432668969453e-9,PAV_conc,low,500000,512431.8297589325,0.20261660626808753
z_nb,2.7682662578273554e-8,z_pb,4.498432668969453e-9,PAV_conc,+N,500000,512939.72022897215,0.2107894421938547
z_nb,2.7682662578273554e-8,z_pb,4.498432668969453e-9,PAV_conc,+P,500000,512431.8297589325,0.20261660626808753
z_nb,2.7682662578273554e-8,z_pb,4.498432668969453e-9,PAV_conc,+N+P,500000,512939.72022897215,0.2107894421938547
z_nb,4.64192003898745e-8,z_pb,7.543120063354607e-9,RPV_conc,low,0,0,NA
z_nb,4.64192003898745e-8,z_pb,7.543120063354607e-9,RPV_conc,+N,0,0,NA
z_nb,4.64192003898745e-8,z_pb,7.543120063354607e-9,RPV_conc,+P,0,0,NA
z_nb,4.64192003898745e-8,z_pb,7.543120063354607e-9,RPV_conc,+N+P,0,0,NA
z_nb,4.64192003898745e-8,z_pb,7.543120063354607e-9,PAV_conc,low,500000,512263.4692719724,0.19990560714233133
z_nb,4.64192003898745e-8,z_pb,7.543120063354607e-9,PAV_conc,+N,500000,512809.87886239775,0.2087008402954784
z_nb,4.64192003898745e-8,z_pb,7.543120063354607e-9,PAV_conc,+P,500000,512263.4692719724,0.19990560714233133
z_nb,4.64192003898745e-8,z_pb,7.543120063354607e-9,PAV_conc,+N+P,500000,512809.87886239775,0.2087008402954784
z_nb,7.783724411417204e-8,z_pb,1.2648552168552958e-8,RPV_conc,low,0,0,NA
z_nb,7.783724411417204e-8,z_pb,1.2648552168552958e-8,RPV_conc,+N,0,0,NA
z_nb,7.783724411417204e-8,z_pb,1.2648552168552958e-8,RPV_conc,+P,0,0,NA
z_nb,7.783724411417204e-8,z_pb,1.2648552168552958e-8,RPV_conc,+N+P,0,0,NA
z_nb,7.783724411417204e-8,z_pb,1.2648552168552958e-8,PAV_conc,low,500000,511936.959026677,0.19464548511833263
z_nb,7.783724411417204e-8,z_pb,1.2648552168552958e-8,PAV_conc,+N,500000,512562.5689794151,0.20472120035398333
z_nb,7.783724411417204e-8,z_pb,1.2648552168552958e-8,PAV_conc,+P,500000,511936.959026677,0.19464548511833263
z_nb,7.783724411417204e-8,z_pb,1.2648552168552958e-8,PAV_conc,+N+P,500000,512562.5689794151,0.20472120035398333
z_nb,1.305200546412426e-7,z_pb,2.1209508879201927e-08,RPV_conc,low,0,0,NA
z_nb,1.305200546412426e-7,z_pb,2.1209508879201927e-08,RPV_conc,+N,0,0,NA
z_nb,1.305200546412426e-7,z_pb,2.1209508879201927e-08,RPV_conc,+P,0,0,NA
z_nb,1.305200546412426e-7,z_pb,2.1209508879201927e-08,RPV_conc,+N+P,0,0,NA
z_nb,1.305200546412426e-7,z_pb,2.1209508879201927e-08,PAV_conc,low,500000,511213.19136469625,0.1829735243508153
z_nb,1.305200546412426e-7,z_pb,2.1209508879201927e-08,PAV_conc,+N,500000,512035.10781139374,0.19622702723772442
z_nb,1.305200546412426e-7,z_pb,2.1209508879201927e-08,PAV_conc,+P,500000,511213.19136469625,0.1829735243508153
z_nb,1.305200546412426e-7,z_pb,2.1209508879201927e-08,PAV_conc,+N+P,500000,512035.10781139374,0.19622702723772442
z_nb,2.1886032653680835e-7,z_pb,3.556480306223136e-8,RPV_conc,low,0,0,NA
z_nb,2.1886032653680835e-7,z_pb,3.556480306223136e-8,RPV_conc,+N,0,0,NA
z_nb,2.1886032653680835e-7,z_pb,3.556480306223136e-8,RPV_conc,+P,0,0,NA
z_nb,2.1886032653680835e-7,z_pb,3.556480306223136e-8,RPV_conc,+N+P,0,0,NA
z_nb,2.1886032653680835e-7,z_pb,3.556480306223136e-8,PAV_conc,low,500000,508923.42465337215,0.14593807871337347
z_nb,2.1886032653680835e-7,z_pb,3.556480306223136e-8,PAV_conc,+N,500000,510517.13803379243,0.171732904975848
z_nb,2.1886032653680835e-7,z_pb,3.556480306223136e-8,PAV_conc,+P,500000,508923.42465337215,0.14593807871337347
z_nb,2.1886032653680835e-7,z_pb,3.556480306223136e-8,PAV_conc,+N+P,500000,510539.6360283547,0.17209646645427756
z_nb,3.669922040981315e-7,z_pb,5.963623316594637e-8,RPV_conc,low,0,0,NA
z_nb,3.669922040981315e-7,z_pb,5.963623316594637e-8,RPV_conc,+N,0,0,NA
z_nb,3.669922040981315e-7,z_pb,5.963623316594637e-8,RPV_conc,+P,0,0,NA
z_nb,3.669922040981315e-7,z_pb,5.963623316594637e-8,RPV_conc,+N+P,0,0,NA
z_nb,3.669922040981315e-7,z_pb,5.963623316594637e-8,PAV_conc,low,500000,494422.19421343214,-0.09255099214261339
z_nb,3.669922040981315e-7,z_pb,5.963623316594637e-8,PAV_conc,+N,500000,494293.1627707495,-0.09470431038664749
z_nb,3.669922040981315e-7,z_pb,5.963623316594637e-8,PAV_conc,+P,500000,495866.8593197762,-0.06848025130232831
z_nb,3.669922040981315e-7,z_pb,5.963623316594637e-8,PAV_conc,+N+P,500000,500770.5742693285,0.012704688050888615
z_nb,6.153846153846153e-7,z_pb,1e-7,RPV_conc,low,0,0,NA
z_nb,6.153846153846153e-7,z_pb,1e-7,RPV_conc,+N,0,0,NA
z_nb,6.153846153846153e-7,z_pb,1e-7,RPV_conc,+P,0,0,NA
z_nb,6.153846153846153e-7,z_pb,1e-7,RPV_conc,+N+P,0,0,NA
z_nb,6.153846153846153e-7,z_pb,1e-7,PAV_conc,low,500000,481211.8133819849,-0.31597965947737605
z_nb,6.153846153846153e-7,z_pb,1e-7,PAV_conc,+N,500000,481141.7791207683,-0.31718042946578306
z_nb,6.153846153846153e-7,z_pb,1e-7,PAV_conc,+P,500000,482072.918743902,-0.3012298749303942
z_nb,6.153846153846153e-7,z_pb,1e-7,PAV_conc,+N+P,500000,485004.26216202707,-0.2512159613731355
